anchor_id,benchmark_id,duration_ms,duration_ns,metadata,observed_at_utc,repetition_index,run_id,seed,session_id,session_mode,stage,warmup,workload_size
1,reviewer3_performance_final,28.698208,28698208,{},2026-08-01T14:06:26.576994Z,,reviewer3_performance_final_warmup_n0010_w01,42,,all,chain_send_command,True,10
1,reviewer3_performance_final,23.23575,23235750,{},2026-08-01T14:06:26.600340Z,,reviewer3_performance_final_warmup_n0010_w01,42,,all,chain_receipt_query,True,10
1,reviewer3_performance_final,55.13325,55133250,{},2026-08-01T14:06:26.603400Z,,reviewer3_performance_final_warmup_n0010_w01,42,,all,chain_publication_total,True,10
1,reviewer3_performance_final,1.684333,1684333,{},2026-08-01T14:06:26.605124Z,,reviewer3_performance_final_warmup_n0010_w01,42,,all,chain_anchor_database_update,True,10
1,reviewer3_performance_final,25.793333,25793333,{},2026-08-01T14:06:26.633031Z,,reviewer3_performance_final_warmup_n0010_w01,42,,all,chain_read_verification,True,10
1,reviewer3_performance_final,26.295959,26295959,{},2026-08-01T14:06:27.158449Z,,reviewer3_performance_final_warmup_n0050_w01,42,,all,chain_send_command,True,50
1,reviewer3_performance_final,20.8645,20864500,{},2026-08-01T14:06:27.179413Z,,reviewer3_performance_final_warmup_n0050_w01,42,,all,chain_receipt_query,True,50
1,reviewer3_performance_final,49.141333,49141333,{},2026-08-01T14:06:27.181278Z,,reviewer3_performance_final_warmup_n0050_w01,42,,all,chain_publication_total,True,50
1,reviewer3_performance_final,1.367833,1367833,{},2026-08-01T14:06:27.182678Z,,reviewer3_performance_final_warmup_n0050_w01,42,,all,chain_anchor_database_update,True,50
1,reviewer3_performance_final,25.103709,25103709,{},2026-08-01T14:06:27.210049Z,,reviewer3_performance_final_warmup_n0050_w01,42,,all,chain_read_verification,True,50
1,reviewer3_performance_final,28.24675,28246750,{},2026-08-01T14:06:28.048860Z,,reviewer3_performance_final_warmup_n0100_w01,42,,all,chain_send_command,True,100
1,reviewer3_performance_final,21.062458,21062458,{},2026-08-01T14:06:28.070030Z,,reviewer3_performance_final_warmup_n0100_w01,42,,all,chain_receipt_query,True,100
1,reviewer3_performance_final,51.375167,51375167,{},2026-08-01T14:06:28.071970Z,,reviewer3_performance_final_warmup_n0100_w01,42,,all,chain_publication_total,True,100
1,reviewer3_performance_final,1.028333,1028333,{},2026-08-01T14:06:28.073032Z,,reviewer3_performance_final_warmup_n0100_w01,42,,all,chain_anchor_database_update,True,100
1,reviewer3_performance_final,25.7405,25740500,{},2026-08-01T14:06:28.100981Z,,reviewer3_performance_final_warmup_n0100_w01,42,,all,chain_read_verification,True,100
1,reviewer3_performance_final,26.394125,26394125,{},2026-08-01T14:06:32.154697Z,,reviewer3_performance_final_warmup_n0500_w01,42,,all,chain_send_command,True,500
1,reviewer3_performance_final,21.475125,21475125,{},2026-08-01T14:06:32.176309Z,,reviewer3_performance_final_warmup_n0500_w01,42,,all,chain_receipt_query,True,500
1,reviewer3_performance_final,50.038166,50038166,{},2026-08-01T14:06:32.178327Z,,reviewer3_performance_final_warmup_n0500_w01,42,,all,chain_publication_total,True,500
1,reviewer3_performance_final,1.254042,1254042,{},2026-08-01T14:06:32.179622Z,,reviewer3_performance_final_warmup_n0500_w01,42,,all,chain_anchor_database_update,True,500
1,reviewer3_performance_final,25.571459,25571459,{},2026-08-01T14:06:32.207178Z,,reviewer3_performance_final_warmup_n0500_w01,42,,all,chain_read_verification,True,500
1,reviewer3_performance_final,28.118916,28118916,{},2026-08-01T14:06:40.608713Z,,reviewer3_performance_final_warmup_n1000_w01,42,,all,chain_send_command,True,1000
1,reviewer3_performance_final,21.699833,21699833,{},2026-08-01T14:06:40.630556Z,,reviewer3_performance_final_warmup_n1000_w01,42,,all,chain_receipt_query,True,1000
1,reviewer3_performance_final,52.003083,52003083,{},2026-08-01T14:06:40.632564Z,,reviewer3_performance_final_warmup_n1000_w01,42,,all,chain_publication_total,True,1000
1,reviewer3_performance_final,0.985208,985208,{},2026-08-01T14:06:40.633595Z,,reviewer3_performance_final_warmup_n1000_w01,42,,all,chain_anchor_database_update,True,1000
1,reviewer3_performance_final,25.991625,25991625,{},2026-08-01T14:06:40.661709Z,,reviewer3_performance_final_warmup_n1000_w01,42,,all,chain_read_verification,True,1000
1,reviewer3_performance_final,27.375875,27375875,{},2026-08-01T14:06:49.944181Z,2,reviewer3_performance_final_n1000_r02_seed43,43,,all,chain_send_command,False,1000
1,reviewer3_performance_final,21.608334,21608334,{},2026-08-01T14:06:49.965926Z,2,reviewer3_performance_final_n1000_r02_seed43,43,,all,chain_receipt_query,False,1000
1,reviewer3_performance_final,51.189041,51189041,{},2026-08-01T14:06:49.967958Z,2,reviewer3_performance_final_n1000_r02_seed43,43,,all,chain_publication_total,False,1000
1,reviewer3_performance_final,1.319458,1319458,{},2026-08-01T14:06:49.969308Z,2,reviewer3_performance_final_n1000_r02_seed43,43,,all,chain_anchor_database_update,False,1000
1,reviewer3_performance_final,25.45375,25453750,{},2026-08-01T14:06:49.996773Z,2,reviewer3_performance_final_n1000_r02_seed43,43,,all,chain_read_verification,False,1000
1,reviewer3_performance_final,28.959709,28959709,{},2026-08-01T14:06:59.826027Z,4,reviewer3_performance_final_n1000_r04_seed45,45,,all,chain_send_command,False,1000
1,reviewer3_performance_final,21.465459,21465459,{},2026-08-01T14:06:59.847593Z,4,reviewer3_performance_final_n1000_r04_seed45,45,,all,chain_receipt_query,False,1000
1,reviewer3_performance_final,52.441875,52441875,{},2026-08-01T14:06:59.849492Z,4,reviewer3_performance_final_n1000_r04_seed45,45,,all,chain_publication_total,False,1000
1,reviewer3_performance_final,0.958334,958334,{},2026-08-01T14:06:59.850484Z,4,reviewer3_performance_final_n1000_r04_seed45,45,,all,chain_anchor_database_update,False,1000
1,reviewer3_performance_final,26.253625,26253625,{},2026-08-01T14:06:59.878891Z,4,reviewer3_performance_final_n1000_r04_seed45,45,,all,chain_read_verification,False,1000
1,reviewer3_performance_final,30.418792,30418792,{},2026-08-01T14:07:01.583267Z,6,reviewer3_performance_final_n0100_r06_seed47,47,,all,chain_send_command,False,100
1,reviewer3_performance_final,21.991542,21991542,{},2026-08-01T14:07:01.605365Z,6,reviewer3_performance_final_n0100_r06_seed47,47,,all,chain_receipt_query,False,100
1,reviewer3_performance_final,54.593625,54593625,{},2026-08-01T14:07:01.607403Z,6,reviewer3_performance_final_n0100_r06_seed47,47,,all,chain_publication_total,False,100
1,reviewer3_performance_final,1.418584,1418584,{},2026-08-01T14:07:01.608875Z,6,reviewer3_performance_final_n0100_r06_seed47,47,,all,chain_anchor_database_update,False,100
1,reviewer3_performance_final,26.543917,26543917,{},2026-08-01T14:07:01.638192Z,6,reviewer3_performance_final_n0100_r06_seed47,47,,all,chain_read_verification,False,100
1,reviewer3_performance_final,26.406791,26406791,{},2026-08-01T14:07:05.389326Z,3,reviewer3_performance_final_n0500_r03_seed44,44,,all,chain_send_command,False,500
1,reviewer3_performance_final,20.60425,20604250,{},2026-08-01T14:07:05.410031Z,3,reviewer3_performance_final_n0500_r03_seed44,44,,all,chain_receipt_query,False,500
1,reviewer3_performance_final,48.917292,48917292,{},2026-08-01T14:07:05.411819Z,3,reviewer3_performance_final_n0500_r03_seed44,44,,all,chain_publication_total,False,500
1,reviewer3_performance_final,1.209834,1209834,{},2026-08-01T14:07:05.413060Z,3,reviewer3_performance_final_n0500_r03_seed44,44,,all,chain_anchor_database_update,False,500
1,reviewer3_performance_final,25.602333,25602333,{},2026-08-01T14:07:05.440515Z,3,reviewer3_performance_final_n0500_r03_seed44,44,,all,chain_read_verification,False,500
1,reviewer3_performance_final,29.617917,29617917,{},2026-08-01T14:07:06.017383Z,4,reviewer3_performance_final_n0010_r04_seed45,45,,all,chain_send_command,False,10
1,reviewer3_performance_final,21.661583,21661583,{},2026-08-01T14:07:06.039200Z,4,reviewer3_performance_final_n0010_r04_seed45,45,,all,chain_receipt_query,False,10
1,reviewer3_performance_final,53.629709,53629709,{},2026-08-01T14:07:06.041382Z,4,reviewer3_performance_final_n0010_r04_seed45,45,,all,chain_publication_total,False,10
1,reviewer3_performance_final,1.368542,1368542,{},2026-08-01T14:07:06.042790Z,4,reviewer3_performance_final_n0010_r04_seed45,45,,all,chain_anchor_database_update,False,10
1,reviewer3_performance_final,26.016167,26016167,{},2026-08-01T14:07:06.071049Z,4,reviewer3_performance_final_n0010_r04_seed45,45,,all,chain_read_verification,False,10
1,reviewer3_performance_final,29.035125,29035125,{},2026-08-01T14:07:09.991857Z,4,reviewer3_performance_final_n0500_r04_seed45,45,,all,chain_send_command,False,500
1,reviewer3_performance_final,21.747875,21747875,{},2026-08-01T14:07:10.013714Z,4,reviewer3_performance_final_n0500_r04_seed45,45,,all,chain_receipt_query,False,500
1,reviewer3_performance_final,52.955875,52955875,{},2026-08-01T14:07:10.015740Z,4,reviewer3_performance_final_n0500_r04_seed45,45,,all,chain_publication_total,False,500
1,reviewer3_performance_final,1.371666,1371666,{},2026-08-01T14:07:10.017148Z,4,reviewer3_performance_final_n0500_r04_seed45,45,,all,chain_anchor_database_update,False,500
1,reviewer3_performance_final,25.422917,25422917,{},2026-08-01T14:07:10.044924Z,4,reviewer3_performance_final_n0500_r04_seed45,45,,all,chain_read_verification,False,500
1,reviewer3_performance_final,27.636334,27636334,{},2026-08-01T14:07:11.326242Z,7,reviewer3_performance_final_n0100_r07_seed48,48,,all,chain_send_command,False,100
1,reviewer3_performance_final,21.515208,21515208,{},2026-08-01T14:07:11.347889Z,7,reviewer3_performance_final_n0100_r07_seed48,48,,all,chain_receipt_query,False,100
1,reviewer3_performance_final,51.38325,51383250,{},2026-08-01T14:07:11.349919Z,7,reviewer3_performance_final_n0100_r07_seed48,48,,all,chain_publication_total,False,100
1,reviewer3_performance_final,1.299709,1299709,{},2026-08-01T14:07:11.351260Z,7,reviewer3_performance_final_n0100_r07_seed48,48,,all,chain_anchor_database_update,False,100
1,reviewer3_performance_final,26.507333,26507333,{},2026-08-01T14:07:11.380019Z,7,reviewer3_performance_final_n0100_r07_seed48,48,,all,chain_read_verification,False,100
1,reviewer3_performance_final,28.531167,28531167,{},2026-08-01T14:07:11.643981Z,9,reviewer3_performance_final_n0010_r09_seed50,50,,all,chain_send_command,False,10
1,reviewer3_performance_final,21.8975,21897500,{},2026-08-01T14:07:11.665971Z,9,reviewer3_performance_final_n0010_r09_seed50,50,,all,chain_receipt_query,False,10
1,reviewer3_performance_final,52.373959,52373959,{},2026-08-01T14:07:11.667807Z,9,reviewer3_performance_final_n0010_r09_seed50,50,,all,chain_publication_total,False,10
1,reviewer3_performance_final,1.354625,1354625,{},2026-08-01T14:07:11.669194Z,9,reviewer3_performance_final_n0010_r09_seed50,50,,all,chain_anchor_database_update,False,10
1,reviewer3_performance_final,27.009167,27009167,{},2026-08-01T14:07:11.698262Z,9,reviewer3_performance_final_n0010_r09_seed50,50,,all,chain_read_verification,False,10
1,reviewer3_performance_final,26.518208,26518208,{},2026-08-01T14:07:19.849912Z,5,reviewer3_performance_final_n1000_r05_seed46,46,,all,chain_send_command,False,1000
1,reviewer3_performance_final,21.192083,21192083,{},2026-08-01T14:07:19.871208Z,5,reviewer3_performance_final_n1000_r05_seed46,46,,all,chain_receipt_query,False,1000
1,reviewer3_performance_final,50.071875,50071875,{},2026-08-01T14:07:19.873445Z,5,reviewer3_performance_final_n1000_r05_seed46,46,,all,chain_publication_total,False,1000
1,reviewer3_performance_final,1.406917,1406917,{},2026-08-01T14:07:19.874891Z,5,reviewer3_performance_final_n1000_r05_seed46,46,,all,chain_anchor_database_update,False,1000
1,reviewer3_performance_final,26.699042,26699042,{},2026-08-01T14:07:19.903849Z,5,reviewer3_performance_final_n1000_r05_seed46,46,,all,chain_read_verification,False,1000
1,reviewer3_performance_final,29.099708,29099708,{},2026-08-01T14:07:21.304099Z,10,reviewer3_performance_final_n0050_r10_seed51,51,,all,chain_send_command,False,50
1,reviewer3_performance_final,21.085917,21085917,{},2026-08-01T14:07:21.325308Z,10,reviewer3_performance_final_n0050_r10_seed51,51,,all,chain_receipt_query,False,50
1,reviewer3_performance_final,52.707916,52707916,{},2026-08-01T14:07:21.327684Z,10,reviewer3_performance_final_n0050_r10_seed51,51,,all,chain_publication_total,False,50
1,reviewer3_performance_final,1.447583,1447583,{},2026-08-01T14:07:21.329171Z,10,reviewer3_performance_final_n0050_r10_seed51,51,,all,chain_anchor_database_update,False,50
1,reviewer3_performance_final,25.954292,25954292,{},2026-08-01T14:07:21.357733Z,10,reviewer3_performance_final_n0050_r10_seed51,51,,all,chain_read_verification,False,50
1,reviewer3_performance_final,30.489208,30489208,{},2026-08-01T14:07:21.870990Z,6,reviewer3_performance_final_n0050_r06_seed47,47,,all,chain_send_command,False,50
1,reviewer3_performance_final,22.76175,22761750,{},2026-08-01T14:07:21.893883Z,6,reviewer3_performance_final_n0050_r06_seed47,47,,all,chain_receipt_query,False,50
1,reviewer3_performance_final,55.473625,55473625,{},2026-08-01T14:07:21.895963Z,6,reviewer3_performance_final_n0050_r06_seed47,47,,all,chain_publication_total,False,50
1,reviewer3_performance_final,1.4625,1462500,{},2026-08-01T14:07:21.897461Z,6,reviewer3_performance_final_n0050_r06_seed47,47,,all,chain_anchor_database_update,False,50
1,reviewer3_performance_final,26.259792,26259792,{},2026-08-01T14:07:21.926406Z,6,reviewer3_performance_final_n0050_r06_seed47,47,,all,chain_read_verification,False,50
1,reviewer3_performance_final,29.310208,29310208,{},2026-08-01T14:07:22.148477Z,1,reviewer3_performance_final_n0010_r01_seed42,42,,all,chain_send_command,False,10
1,reviewer3_performance_final,41.306375,41306375,{},2026-08-01T14:07:22.190059Z,1,reviewer3_performance_final_n0010_r01_seed42,42,,all,chain_receipt_query,False,10
1,reviewer3_performance_final,79.165792,79165792,{},2026-08-01T14:07:22.198323Z,1,reviewer3_performance_final_n0010_r01_seed42,42,,all,chain_publication_total,False,10
1,reviewer3_performance_final,4.543042,4543042,{},2026-08-01T14:07:22.202918Z,1,reviewer3_performance_final_n0010_r01_seed42,42,,all,chain_anchor_database_update,False,10
1,reviewer3_performance_final,33.530375,33530375,{},2026-08-01T14:07:22.245071Z,1,reviewer3_performance_final_n0010_r01_seed42,42,,all,chain_read_verification,False,10
1,reviewer3_performance_final,31.2975,31297500,{},2026-08-01T14:07:23.089721Z,8,reviewer3_performance_final_n0100_r08_seed49,49,,all,chain_send_command,False,100
1,reviewer3_performance_final,23.590875,23590875,{},2026-08-01T14:07:23.113409Z,8,reviewer3_performance_final_n0100_r08_seed49,49,,all,chain_receipt_query,False,100
1,reviewer3_performance_final,57.356125,57356125,{},2026-08-01T14:07:23.115763Z,8,reviewer3_performance_final_n0100_r08_seed49,49,,all,chain_publication_total,False,100
1,reviewer3_performance_final,1.390584,1390584,{},2026-08-01T14:07:23.117202Z,8,reviewer3_performance_final_n0100_r08_seed49,49,,all,chain_anchor_database_update,False,100
1,reviewer3_performance_final,26.728875,26728875,{},2026-08-01T14:07:23.146327Z,8,reviewer3_performance_final_n0100_r08_seed49,49,,all,chain_read_verification,False,100
1,reviewer3_performance_final,27.258417,27258417,{},2026-08-01T14:07:27.194480Z,2,reviewer3_performance_final_n0500_r02_seed43,43,,all,chain_send_command,False,500
1,reviewer3_performance_final,22.322666,22322666,{},2026-08-01T14:07:27.216906Z,2,reviewer3_performance_final_n0500_r02_seed43,43,,all,chain_receipt_query,False,500
1,reviewer3_performance_final,51.673417,51673417,{},2026-08-01T14:07:27.218868Z,2,reviewer3_performance_final_n0500_r02_seed43,43,,all,chain_publication_total,False,500
1,reviewer3_performance_final,1.291541,1291541,{},2026-08-01T14:07:27.220198Z,2,reviewer3_performance_final_n0500_r02_seed43,43,,all,chain_anchor_database_update,False,500
1,reviewer3_performance_final,29.369667,29369667,{},2026-08-01T14:07:27.252082Z,2,reviewer3_performance_final_n0500_r02_seed43,43,,all,chain_read_verification,False,500
1,reviewer3_performance_final,29.505208,29505208,{},2026-08-01T14:07:28.105300Z,7,reviewer3_performance_final_n0050_r07_seed48,48,,all,chain_send_command,False,50
1,reviewer3_performance_final,23.569041,23569041,{},2026-08-01T14:07:28.129005Z,7,reviewer3_performance_final_n0050_r07_seed48,48,,all,chain_receipt_query,False,50
1,reviewer3_performance_final,55.409542,55409542,{},2026-08-01T14:07:28.131163Z,7,reviewer3_performance_final_n0050_r07_seed48,48,,all,chain_publication_total,False,50
1,reviewer3_performance_final,1.4045,1404500,{},2026-08-01T14:07:28.132610Z,7,reviewer3_performance_final_n0050_r07_seed48,48,,all,chain_anchor_database_update,False,50
1,reviewer3_performance_final,26.271583,26271583,{},2026-08-01T14:07:28.161435Z,7,reviewer3_performance_final_n0050_r07_seed48,48,,all,chain_read_verification,False,50
1,reviewer3_performance_final,27.916333,27916333,{},2026-08-01T14:07:28.371555Z,6,reviewer3_performance_final_n0010_r06_seed47,47,,all,chain_send_command,False,10
1,reviewer3_performance_final,21.983084,21983084,{},2026-08-01T14:07:28.393642Z,6,reviewer3_performance_final_n0010_r06_seed47,47,,all,chain_receipt_query,False,10
1,reviewer3_performance_final,52.092333,52092333,{},2026-08-01T14:07:28.395678Z,6,reviewer3_performance_final_n0010_r06_seed47,47,,all,chain_publication_total,False,10
1,reviewer3_performance_final,1.341458,1341458,{},2026-08-01T14:07:28.397093Z,6,reviewer3_performance_final_n0010_r06_seed47,47,,all,chain_anchor_database_update,False,10
1,reviewer3_performance_final,26.408,26408000,{},2026-08-01T14:07:28.425852Z,6,reviewer3_performance_final_n0010_r06_seed47,47,,all,chain_read_verification,False,10
1,reviewer3_performance_final,29.78375,29783750,{},2026-08-01T14:07:29.256551Z,1,reviewer3_performance_final_n0100_r01_seed42,42,,all,chain_send_command,False,100
1,reviewer3_performance_final,22.789375,22789375,{},2026-08-01T14:07:29.279461Z,1,reviewer3_performance_final_n0100_r01_seed42,42,,all,chain_receipt_query,False,100
1,reviewer3_performance_final,54.53225,54532250,{},2026-08-01T14:07:29.281280Z,1,reviewer3_performance_final_n0100_r01_seed42,42,,all,chain_publication_total,False,100
1,reviewer3_performance_final,0.961,961000,{},2026-08-01T14:07:29.282277Z,1,reviewer3_performance_final_n0100_r01_seed42,42,,all,chain_anchor_database_update,False,100
1,reviewer3_performance_final,26.210792,26210792,{},2026-08-01T14:07:29.310629Z,1,reviewer3_performance_final_n0100_r01_seed42,42,,all,chain_read_verification,False,100
1,reviewer3_performance_final,26.893833,26893833,{},2026-08-01T14:07:33.323270Z,10,reviewer3_performance_final_n0500_r10_seed51,51,,all,chain_send_command,False,500
1,reviewer3_performance_final,21.457709,21457709,{},2026-08-01T14:07:33.344852Z,10,reviewer3_performance_final_n0500_r10_seed51,51,,all,chain_receipt_query,False,500
1,reviewer3_performance_final,50.352417,50352417,{},2026-08-01T14:07:33.346706Z,10,reviewer3_performance_final_n0500_r10_seed51,51,,all,chain_publication_total,False,500
1,reviewer3_performance_final,2.114334,2114334,{},2026-08-01T14:07:33.348855Z,10,reviewer3_performance_final_n0500_r10_seed51,51,,all,chain_anchor_database_update,False,500
1,reviewer3_performance_final,26.626,26626000,{},2026-08-01T14:07:33.377574Z,10,reviewer3_performance_final_n0500_r10_seed51,51,,all,chain_read_verification,False,500
1,reviewer3_performance_final,28.365167,28365167,{},2026-08-01T14:07:34.743966Z,10,reviewer3_performance_final_n0100_r10_seed51,51,,all,chain_send_command,False,100
1,reviewer3_performance_final,21.969458,21969458,{},2026-08-01T14:07:34.766075Z,10,reviewer3_performance_final_n0100_r10_seed51,51,,all,chain_receipt_query,False,100
1,reviewer3_performance_final,52.648583,52648583,{},2026-08-01T14:07:34.768191Z,10,reviewer3_performance_final_n0100_r10_seed51,51,,all,chain_publication_total,False,100
1,reviewer3_performance_final,1.717958,1717958,{},2026-08-01T14:07:34.769957Z,10,reviewer3_performance_final_n0100_r10_seed51,51,,all,chain_anchor_database_update,False,100
1,reviewer3_performance_final,25.941166,25941166,{},2026-08-01T14:07:34.798149Z,10,reviewer3_performance_final_n0100_r10_seed51,51,,all,chain_read_verification,False,100
1,reviewer3_performance_final,28.942959,28942959,{},2026-08-01T14:07:35.383590Z,4,reviewer3_performance_final_n0050_r04_seed45,45,,all,chain_send_command,False,50
1,reviewer3_performance_final,21.398625,21398625,{},2026-08-01T14:07:35.405124Z,4,reviewer3_performance_final_n0050_r04_seed45,45,,all,chain_receipt_query,False,50
1,reviewer3_performance_final,52.530458,52530458,{},2026-08-01T14:07:35.407168Z,4,reviewer3_performance_final_n0050_r04_seed45,45,,all,chain_publication_total,False,50
1,reviewer3_performance_final,1.316,1316000,{},2026-08-01T14:07:35.408523Z,4,reviewer3_performance_final_n0050_r04_seed45,45,,all,chain_anchor_database_update,False,50
1,reviewer3_performance_final,26.485584,26485584,{},2026-08-01T14:07:35.437285Z,4,reviewer3_performance_final_n0050_r04_seed45,45,,all,chain_read_verification,False,50
1,reviewer3_performance_final,29.199625,29199625,{},2026-08-01T14:07:39.735933Z,8,reviewer3_performance_final_n0500_r08_seed49,49,,all,chain_send_command,False,500
1,reviewer3_performance_final,21.746042,21746042,{},2026-08-01T14:07:39.757785Z,8,reviewer3_performance_final_n0500_r08_seed49,49,,all,chain_receipt_query,False,500
1,reviewer3_performance_final,53.570792,53570792,{},2026-08-01T14:07:39.760281Z,8,reviewer3_performance_final_n0500_r08_seed49,49,,all,chain_publication_total,False,500
1,reviewer3_performance_final,0.984166,984166,{},2026-08-01T14:07:39.761333Z,8,reviewer3_performance_final_n0500_r08_seed49,49,,all,chain_anchor_database_update,False,500
1,reviewer3_performance_final,31.825459,31825459,{},2026-08-01T14:07:39.795078Z,8,reviewer3_performance_final_n0500_r08_seed49,49,,all,chain_read_verification,False,500
1,reviewer3_performance_final,27.608291,27608291,{},2026-08-01T14:07:41.121423Z,2,reviewer3_performance_final_n0100_r02_seed43,43,,all,chain_send_command,False,100
1,reviewer3_performance_final,22.515666,22515666,{},2026-08-01T14:07:41.144039Z,2,reviewer3_performance_final_n0100_r02_seed43,43,,all,chain_receipt_query,False,100
1,reviewer3_performance_final,52.455541,52455541,{},2026-08-01T14:07:41.146257Z,2,reviewer3_performance_final_n0100_r02_seed43,43,,all,chain_publication_total,False,100
1,reviewer3_performance_final,1.662541,1662541,{},2026-08-01T14:07:41.147956Z,2,reviewer3_performance_final_n0100_r02_seed43,43,,all,chain_anchor_database_update,False,100
1,reviewer3_performance_final,26.529875,26529875,{},2026-08-01T14:07:41.176868Z,2,reviewer3_performance_final_n0100_r02_seed43,43,,all,chain_read_verification,False,100
1,reviewer3_performance_final,28.379958,28379958,{},2026-08-01T14:07:42.086673Z,5,reviewer3_performance_final_n0100_r05_seed46,46,,all,chain_send_command,False,100
1,reviewer3_performance_final,22.06275,22062750,{},2026-08-01T14:07:42.108893Z,5,reviewer3_performance_final_n0100_r05_seed46,46,,all,chain_receipt_query,False,100
1,reviewer3_performance_final,52.615667,52615667,{},2026-08-01T14:07:42.110888Z,5,reviewer3_performance_final_n0100_r05_seed46,46,,all,chain_publication_total,False,100
1,reviewer3_performance_final,1.491208,1491208,{},2026-08-01T14:07:42.112422Z,5,reviewer3_performance_final_n0100_r05_seed46,46,,all,chain_anchor_database_update,False,100
1,reviewer3_performance_final,27.431,27431000,{},2026-08-01T14:07:42.142352Z,5,reviewer3_performance_final_n0100_r05_seed46,46,,all,chain_read_verification,False,100
1,reviewer3_performance_final,33.259958,33259958,{},2026-08-01T14:07:50.265827Z,1,reviewer3_performance_final_n1000_r01_seed42,42,,all,chain_send_command,False,1000
1,reviewer3_performance_final,20.973,20973000,{},2026-08-01T14:07:50.286932Z,1,reviewer3_performance_final_n1000_r01_seed42,42,,all,chain_receipt_query,False,1000
1,reviewer3_performance_final,56.442,56442000,{},2026-08-01T14:07:50.288987Z,1,reviewer3_performance_final_n1000_r01_seed42,42,,all,chain_publication_total,False,1000
1,reviewer3_performance_final,1.446292,1446292,{},2026-08-01T14:07:50.290472Z,1,reviewer3_performance_final_n1000_r01_seed42,42,,all,chain_anchor_database_update,False,1000
1,reviewer3_performance_final,28.515208,28515208,{},2026-08-01T14:07:50.321435Z,1,reviewer3_performance_final_n1000_r01_seed42,42,,all,chain_read_verification,False,1000
1,reviewer3_performance_final,27.873917,27873917,{},2026-08-01T14:07:59.318907Z,9,reviewer3_performance_final_n1000_r09_seed50,50,,all,chain_send_command,False,1000
1,reviewer3_performance_final,22.011333,22011333,{},2026-08-01T14:07:59.341072Z,9,reviewer3_performance_final_n1000_r09_seed50,50,,all,chain_receipt_query,False,1000
1,reviewer3_performance_final,52.228167,52228167,{},2026-08-01T14:07:59.343226Z,9,reviewer3_performance_final_n1000_r09_seed50,50,,all,chain_publication_total,False,1000
1,reviewer3_performance_final,1.543375,1543375,{},2026-08-01T14:07:59.344815Z,9,reviewer3_performance_final_n1000_r09_seed50,50,,all,chain_anchor_database_update,False,1000
1,reviewer3_performance_final,26.756833,26756833,{},2026-08-01T14:07:59.373719Z,9,reviewer3_performance_final_n1000_r09_seed50,50,,all,chain_read_verification,False,1000
1,reviewer3_performance_final,28.416375,28416375,{},2026-08-01T14:08:08.263720Z,10,reviewer3_performance_final_n1000_r10_seed51,51,,all,chain_send_command,False,1000
1,reviewer3_performance_final,21.853875,21853875,{},2026-08-01T14:08:08.285716Z,10,reviewer3_performance_final_n1000_r10_seed51,51,,all,chain_receipt_query,False,1000
1,reviewer3_performance_final,52.432042,52432042,{},2026-08-01T14:08:08.287718Z,10,reviewer3_performance_final_n1000_r10_seed51,51,,all,chain_publication_total,False,1000
1,reviewer3_performance_final,1.28925,1289250,{},2026-08-01T14:08:08.289045Z,10,reviewer3_performance_final_n1000_r10_seed51,51,,all,chain_anchor_database_update,False,1000
1,reviewer3_performance_final,27.109375,27109375,{},2026-08-01T14:08:08.318498Z,10,reviewer3_performance_final_n1000_r10_seed51,51,,all,chain_read_verification,False,1000
1,reviewer3_performance_final,30.437458,30437458,{},2026-08-01T14:08:09.351173Z,3,reviewer3_performance_final_n0010_r03_seed44,44,,all,chain_send_command,False,10
1,reviewer3_performance_final,21.706167,21706167,{},2026-08-01T14:08:09.373019Z,3,reviewer3_performance_final_n0010_r03_seed44,44,,all,chain_receipt_query,False,10
1,reviewer3_performance_final,54.31925,54319250,{},2026-08-01T14:08:09.375021Z,3,reviewer3_performance_final_n0010_r03_seed44,44,,all,chain_publication_total,False,10
1,reviewer3_performance_final,1.457125,1457125,{},2026-08-01T14:08:09.376546Z,3,reviewer3_performance_final_n0010_r03_seed44,44,,all,chain_anchor_database_update,False,10
1,reviewer3_performance_final,26.451417,26451417,{},2026-08-01T14:08:09.405204Z,3,reviewer3_performance_final_n0010_r03_seed44,44,,all,chain_read_verification,False,10
1,reviewer3_performance_final,27.823708,27823708,{},2026-08-01T14:08:13.210143Z,7,reviewer3_performance_final_n0500_r07_seed48,48,,all,chain_send_command,False,500
1,reviewer3_performance_final,21.088584,21088584,{},2026-08-01T14:08:13.231370Z,7,reviewer3_performance_final_n0500_r07_seed48,48,,all,chain_receipt_query,False,500
1,reviewer3_performance_final,51.217833,51217833,{},2026-08-01T14:08:13.233500Z,7,reviewer3_performance_final_n0500_r07_seed48,48,,all,chain_publication_total,False,500
1,reviewer3_performance_final,1.234875,1234875,{},2026-08-01T14:08:13.234780Z,7,reviewer3_performance_final_n0500_r07_seed48,48,,all,chain_anchor_database_update,False,500
1,reviewer3_performance_final,26.572167,26572167,{},2026-08-01T14:08:13.263579Z,7,reviewer3_performance_final_n0500_r07_seed48,48,,all,chain_read_verification,False,500
1,reviewer3_performance_final,28.727625,28727625,{},2026-08-01T14:08:17.484677Z,1,reviewer3_performance_final_n0500_r01_seed42,42,,all,chain_send_command,False,500
1,reviewer3_performance_final,22.022458,22022458,{},2026-08-01T14:08:17.506824Z,1,reviewer3_performance_final_n0500_r01_seed42,42,,all,chain_receipt_query,False,500
1,reviewer3_performance_final,53.185583,53185583,{},2026-08-01T14:08:17.509144Z,1,reviewer3_performance_final_n0500_r01_seed42,42,,all,chain_publication_total,False,500
1,reviewer3_performance_final,1.637292,1637292,{},2026-08-01T14:08:17.510831Z,1,reviewer3_performance_final_n0500_r01_seed42,42,,all,chain_anchor_database_update,False,500
1,reviewer3_performance_final,25.369708,25369708,{},2026-08-01T14:08:17.538333Z,1,reviewer3_performance_final_n0500_r01_seed42,42,,all,chain_read_verification,False,500
1,reviewer3_performance_final,27.4625,27462500,{},2026-08-01T14:08:21.509289Z,9,reviewer3_performance_final_n0500_r09_seed50,50,,all,chain_send_command,False,500
1,reviewer3_performance_final,22.503709,22503709,{},2026-08-01T14:08:21.531915Z,9,reviewer3_performance_final_n0500_r09_seed50,50,,all,chain_receipt_query,False,500
1,reviewer3_performance_final,52.393417,52393417,{},2026-08-01T14:08:21.534202Z,9,reviewer3_performance_final_n0500_r09_seed50,50,,all,chain_publication_total,False,500
1,reviewer3_performance_final,1.469959,1469959,{},2026-08-01T14:08:21.535712Z,9,reviewer3_performance_final_n0500_r09_seed50,50,,all,chain_anchor_database_update,False,500
1,reviewer3_performance_final,30.655708,30655708,{},2026-08-01T14:08:21.568618Z,9,reviewer3_performance_final_n0500_r09_seed50,50,,all,chain_read_verification,False,500
1,reviewer3_performance_final,30.469709,30469709,{},2026-08-01T14:08:22.188697Z,8,reviewer3_performance_final_n0010_r08_seed49,49,,all,chain_send_command,False,10
1,reviewer3_performance_final,21.885542,21885542,{},2026-08-01T14:08:22.210704Z,8,reviewer3_performance_final_n0010_r08_seed49,49,,all,chain_receipt_query,False,10
1,reviewer3_performance_final,54.277917,54277917,{},2026-08-01T14:08:22.212491Z,8,reviewer3_performance_final_n0010_r08_seed49,49,,all,chain_publication_total,False,10
1,reviewer3_performance_final,1.204667,1204667,{},2026-08-01T14:08:22.213723Z,8,reviewer3_performance_final_n0010_r08_seed49,49,,all,chain_anchor_database_update,False,10
1,reviewer3_performance_final,26.775709,26775709,{},2026-08-01T14:08:22.242630Z,8,reviewer3_performance_final_n0010_r08_seed49,49,,all,chain_read_verification,False,10
1,reviewer3_performance_final,27.524666,27524666,{},2026-08-01T14:08:23.184940Z,3,reviewer3_performance_final_n0100_r03_seed44,44,,all,chain_send_command,False,100
1,reviewer3_performance_final,21.437041,21437041,{},2026-08-01T14:08:23.206490Z,3,reviewer3_performance_final_n0100_r03_seed44,44,,all,chain_receipt_query,False,100
1,reviewer3_performance_final,51.209667,51209667,{},2026-08-01T14:08:23.208588Z,3,reviewer3_performance_final_n0100_r03_seed44,44,,all,chain_publication_total,False,100
1,reviewer3_performance_final,1.392625,1392625,{},2026-08-01T14:08:23.210032Z,3,reviewer3_performance_final_n0100_r03_seed44,44,,all,chain_anchor_database_update,False,100
1,reviewer3_performance_final,26.579833,26579833,{},2026-08-01T14:08:23.238835Z,3,reviewer3_performance_final_n0100_r03_seed44,44,,all,chain_read_verification,False,100
1,reviewer3_performance_final,28.645541,28645541,{},2026-08-01T14:08:23.759126Z,9,reviewer3_performance_final_n0050_r09_seed50,50,,all,chain_send_command,False,50
1,reviewer3_performance_final,21.121833,21121833,{},2026-08-01T14:08:23.780344Z,9,reviewer3_performance_final_n0050_r09_seed50,50,,all,chain_receipt_query,False,50
1,reviewer3_performance_final,51.861458,51861458,{},2026-08-01T14:08:23.782327Z,9,reviewer3_performance_final_n0050_r09_seed50,50,,all,chain_publication_total,False,50
1,reviewer3_performance_final,1.3075,1307500,{},2026-08-01T14:08:23.783672Z,9,reviewer3_performance_final_n0050_r09_seed50,50,,all,chain_anchor_database_update,False,50
1,reviewer3_performance_final,25.869542,25869542,{},2026-08-01T14:08:23.811763Z,9,reviewer3_performance_final_n0050_r09_seed50,50,,all,chain_read_verification,False,50
1,reviewer3_performance_final,26.659333,26659333,{},2026-08-01T14:08:24.314954Z,2,reviewer3_performance_final_n0050_r02_seed43,43,,all,chain_send_command,False,50
1,reviewer3_performance_final,20.425,20425000,{},2026-08-01T14:08:24.335482Z,2,reviewer3_performance_final_n0050_r02_seed43,43,,all,chain_receipt_query,False,50
1,reviewer3_performance_final,49.039208,49039208,{},2026-08-01T14:08:24.337319Z,2,reviewer3_performance_final_n0050_r02_seed43,43,,all,chain_publication_total,False,50
1,reviewer3_performance_final,1.505917,1505917,{},2026-08-01T14:08:24.338865Z,2,reviewer3_performance_final_n0050_r02_seed43,43,,all,chain_anchor_database_update,False,50
1,reviewer3_performance_final,25.937125,25937125,{},2026-08-01T14:08:24.367275Z,2,reviewer3_performance_final_n0050_r02_seed43,43,,all,chain_read_verification,False,50
1,reviewer3_performance_final,27.475167,27475167,{},2026-08-01T14:08:25.208744Z,9,reviewer3_performance_final_n0100_r09_seed50,50,,all,chain_send_command,False,100
1,reviewer3_performance_final,22.019167,22019167,{},2026-08-01T14:08:25.230873Z,9,reviewer3_performance_final_n0100_r09_seed50,50,,all,chain_receipt_query,False,100
1,reviewer3_performance_final,51.774667,51774667,{},2026-08-01T14:08:25.233029Z,9,reviewer3_performance_final_n0100_r09_seed50,50,,all,chain_publication_total,False,100
1,reviewer3_performance_final,1.429792,1429792,{},2026-08-01T14:08:25.234513Z,9,reviewer3_performance_final_n0100_r09_seed50,50,,all,chain_anchor_database_update,False,100
1,reviewer3_performance_final,25.704542,25704542,{},2026-08-01T14:08:25.262593Z,9,reviewer3_performance_final_n0100_r09_seed50,50,,all,chain_read_verification,False,100
1,reviewer3_performance_final,30.881292,30881292,{},2026-08-01T14:08:25.788394Z,1,reviewer3_performance_final_n0050_r01_seed42,42,,all,chain_send_command,False,50
1,reviewer3_performance_final,22.100208,22100208,{},2026-08-01T14:08:25.810616Z,1,reviewer3_performance_final_n0050_r01_seed42,42,,all,chain_receipt_query,False,50
1,reviewer3_performance_final,55.13375,55133750,{},2026-08-01T14:08:25.812612Z,1,reviewer3_performance_final_n0050_r01_seed42,42,,all,chain_publication_total,False,50
1,reviewer3_performance_final,1.437458,1437458,{},2026-08-01T14:08:25.814093Z,1,reviewer3_performance_final_n0050_r01_seed42,42,,all,chain_anchor_database_update,False,50
1,reviewer3_performance_final,26.683417,26683417,{},2026-08-01T14:08:25.843127Z,1,reviewer3_performance_final_n0050_r01_seed42,42,,all,chain_read_verification,False,50
1,reviewer3_performance_final,27.831542,27831542,{},2026-08-01T14:08:26.065193Z,5,reviewer3_performance_final_n0010_r05_seed46,46,,all,chain_send_command,False,10
1,reviewer3_performance_final,21.894,21894000,{},2026-08-01T14:08:26.087188Z,5,reviewer3_performance_final_n0010_r05_seed46,46,,all,chain_receipt_query,False,10
1,reviewer3_performance_final,51.918875,51918875,{},2026-08-01T14:08:26.089266Z,5,reviewer3_performance_final_n0010_r05_seed46,46,,all,chain_publication_total,False,10
1,reviewer3_performance_final,1.4815,1481500,{},2026-08-01T14:08:26.090789Z,5,reviewer3_performance_final_n0010_r05_seed46,46,,all,chain_anchor_database_update,False,10
1,reviewer3_performance_final,25.840583,25840583,{},2026-08-01T14:08:26.119025Z,5,reviewer3_performance_final_n0010_r05_seed46,46,,all,chain_read_verification,False,10
1,reviewer3_performance_final,29.592375,29592375,{},2026-08-01T14:08:26.308914Z,2,reviewer3_performance_final_n0010_r02_seed43,43,,all,chain_send_command,False,10
1,reviewer3_performance_final,21.484334,21484334,{},2026-08-01T14:08:26.330514Z,2,reviewer3_performance_final_n0010_r02_seed43,43,,all,chain_receipt_query,False,10
1,reviewer3_performance_final,53.25125,53251250,{},2026-08-01T14:08:26.332560Z,2,reviewer3_performance_final_n0010_r02_seed43,43,,all,chain_publication_total,False,10
1,reviewer3_performance_final,1.54625,1546250,{},2026-08-01T14:08:26.334146Z,2,reviewer3_performance_final_n0010_r02_seed43,43,,all,chain_anchor_database_update,False,10
1,reviewer3_performance_final,26.404083,26404083,{},2026-08-01T14:08:26.362774Z,2,reviewer3_performance_final_n0010_r02_seed43,43,,all,chain_read_verification,False,10
1,reviewer3_performance_final,27.151916,27151916,{},2026-08-01T14:08:27.170989Z,4,reviewer3_performance_final_n0100_r04_seed45,45,,all,chain_send_command,False,100
1,reviewer3_performance_final,21.045959,21045959,{},2026-08-01T14:08:27.192136Z,4,reviewer3_performance_final_n0100_r04_seed45,45,,all,chain_receipt_query,False,100
1,reviewer3_performance_final,50.234834,50234834,{},2026-08-01T14:08:27.194053Z,4,reviewer3_performance_final_n0100_r04_seed45,45,,all,chain_publication_total,False,100
1,reviewer3_performance_final,1.435709,1435709,{},2026-08-01T14:08:27.195523Z,4,reviewer3_performance_final_n0100_r04_seed45,45,,all,chain_anchor_database_update,False,100
1,reviewer3_performance_final,26.740833,26740833,{},2026-08-01T14:08:27.224906Z,4,reviewer3_performance_final_n0100_r04_seed45,45,,all,chain_read_verification,False,100
1,reviewer3_performance_final,31.513708,31513708,{},2026-08-01T14:08:27.749569Z,3,reviewer3_performance_final_n0050_r03_seed44,44,,all,chain_send_command,False,50
1,reviewer3_performance_final,21.837542,21837542,{},2026-08-01T14:08:27.771505Z,3,reviewer3_performance_final_n0050_r03_seed44,44,,all,chain_receipt_query,False,50
1,reviewer3_performance_final,55.676625,55676625,{},2026-08-01T14:08:27.773719Z,3,reviewer3_performance_final_n0050_r03_seed44,44,,all,chain_publication_total,False,50
1,reviewer3_performance_final,0.947708,947708,{},2026-08-01T14:08:27.774708Z,3,reviewer3_performance_final_n0050_r03_seed44,44,,all,chain_anchor_database_update,False,50
1,reviewer3_performance_final,26.610542,26610542,{},2026-08-01T14:08:27.803575Z,3,reviewer3_performance_final_n0050_r03_seed44,44,,all,chain_read_verification,False,50
1,reviewer3_performance_final,30.172416,30172416,{},2026-08-01T14:08:36.084526Z,7,reviewer3_performance_final_n1000_r07_seed48,48,,all,chain_send_command,False,1000
1,reviewer3_performance_final,22.60325,22603250,{},2026-08-01T14:08:36.107251Z,7,reviewer3_performance_final_n1000_r07_seed48,48,,all,chain_receipt_query,False,1000
1,reviewer3_performance_final,55.364,55364000,{},2026-08-01T14:08:36.109697Z,7,reviewer3_performance_final_n1000_r07_seed48,48,,all,chain_publication_total,False,1000
1,reviewer3_performance_final,1.319584,1319584,{},2026-08-01T14:08:36.111058Z,7,reviewer3_performance_final_n1000_r07_seed48,48,,all,chain_anchor_database_update,False,1000
1,reviewer3_performance_final,26.391417,26391417,{},2026-08-01T14:08:36.139839Z,7,reviewer3_performance_final_n1000_r07_seed48,48,,all,chain_read_verification,False,1000
1,reviewer3_performance_final,29.206667,29206667,{},2026-08-01T14:08:37.550965Z,5,reviewer3_performance_final_n0050_r05_seed46,46,,all,chain_send_command,False,50
1,reviewer3_performance_final,21.283083,21283083,{},2026-08-01T14:08:37.572380Z,5,reviewer3_performance_final_n0050_r05_seed46,46,,all,chain_receipt_query,False,50
1,reviewer3_performance_final,52.948542,52948542,{},2026-08-01T14:08:37.574663Z,5,reviewer3_performance_final_n0050_r05_seed46,46,,all,chain_publication_total,False,50
1,reviewer3_performance_final,1.447125,1447125,{},2026-08-01T14:08:37.576155Z,5,reviewer3_performance_final_n0050_r05_seed46,46,,all,chain_anchor_database_update,False,50
1,reviewer3_performance_final,26.163083,26163083,{},2026-08-01T14:08:37.604527Z,5,reviewer3_performance_final_n0050_r05_seed46,46,,all,chain_read_verification,False,50
1,reviewer3_performance_final,28.942333,28942333,{},2026-08-01T14:08:37.832409Z,7,reviewer3_performance_final_n0010_r07_seed48,48,,all,chain_send_command,False,10
1,reviewer3_performance_final,21.505041,21505041,{},2026-08-01T14:08:37.854063Z,7,reviewer3_performance_final_n0010_r07_seed48,48,,all,chain_receipt_query,False,10
1,reviewer3_performance_final,52.490792,52490792,{},2026-08-01T14:08:37.855905Z,7,reviewer3_performance_final_n0010_r07_seed48,48,,all,chain_publication_total,False,10
1,reviewer3_performance_final,1.333083,1333083,{},2026-08-01T14:08:37.857269Z,7,reviewer3_performance_final_n0010_r07_seed48,48,,all,chain_anchor_database_update,False,10
1,reviewer3_performance_final,25.780375,25780375,{},2026-08-01T14:08:37.885214Z,7,reviewer3_performance_final_n0010_r07_seed48,48,,all,chain_read_verification,False,10
1,reviewer3_performance_final,27.949375,27949375,{},2026-08-01T14:08:38.084304Z,10,reviewer3_performance_final_n0010_r10_seed51,51,,all,chain_send_command,False,10
1,reviewer3_performance_final,36.476291,36476291,{},2026-08-01T14:08:38.120887Z,10,reviewer3_performance_final_n0010_r10_seed51,51,,all,chain_receipt_query,False,10
1,reviewer3_performance_final,72.945084,72945084,{},2026-08-01T14:08:38.129286Z,10,reviewer3_performance_final_n0010_r10_seed51,51,,all,chain_publication_total,False,10
1,reviewer3_performance_final,2.226792,2226792,{},2026-08-01T14:08:38.131620Z,10,reviewer3_performance_final_n0010_r10_seed51,51,,all,chain_anchor_database_update,False,10
1,reviewer3_performance_final,28.2575,28257500,{},2026-08-01T14:08:38.162602Z,10,reviewer3_performance_final_n0010_r10_seed51,51,,all,chain_read_verification,False,10
1,reviewer3_performance_final,30.948375,30948375,{},2026-08-01T14:08:46.589238Z,8,reviewer3_performance_final_n1000_r08_seed49,49,,all,chain_send_command,False,1000
1,reviewer3_performance_final,22.681084,22681084,{},2026-08-01T14:08:46.612035Z,8,reviewer3_performance_final_n1000_r08_seed49,49,,all,chain_receipt_query,False,1000
1,reviewer3_performance_final,55.900041,55900041,{},2026-08-01T14:08:46.614174Z,8,reviewer3_performance_final_n1000_r08_seed49,49,,all,chain_publication_total,False,1000
1,reviewer3_performance_final,1.456792,1456792,{},2026-08-01T14:08:46.615671Z,8,reviewer3_performance_final_n1000_r08_seed49,49,,all,chain_anchor_database_update,False,1000
1,reviewer3_performance_final,27.038625,27038625,{},2026-08-01T14:08:46.645599Z,8,reviewer3_performance_final_n1000_r08_seed49,49,,all,chain_read_verification,False,1000
1,reviewer3_performance_final,28.824458,28824458,{},2026-08-01T14:08:51.462067Z,5,reviewer3_performance_final_n0500_r05_seed46,46,,all,chain_send_command,False,500
1,reviewer3_performance_final,21.313209,21313209,{},2026-08-01T14:08:51.483548Z,5,reviewer3_performance_final_n0500_r05_seed46,46,,all,chain_receipt_query,False,500
1,reviewer3_performance_final,52.676333,52676333,{},2026-08-01T14:08:51.485899Z,5,reviewer3_performance_final_n0500_r05_seed46,46,,all,chain_publication_total,False,500
1,reviewer3_performance_final,1.083167,1083167,{},2026-08-01T14:08:51.487028Z,5,reviewer3_performance_final_n0500_r05_seed46,46,,all,chain_anchor_database_update,False,500
1,reviewer3_performance_final,26.153,26153000,{},2026-08-01T14:08:51.515099Z,5,reviewer3_performance_final_n0500_r05_seed46,46,,all,chain_read_verification,False,500
1,reviewer3_performance_final,32.698291,32698291,{},2026-08-01T14:08:52.510193Z,8,reviewer3_performance_final_n0050_r08_seed49,49,,all,chain_send_command,False,50
1,reviewer3_performance_final,25.521167,25521167,{},2026-08-01T14:08:52.535856Z,8,reviewer3_performance_final_n0050_r08_seed49,49,,all,chain_receipt_query,False,50
1,reviewer3_performance_final,60.809875,60809875,{},2026-08-01T14:08:52.538267Z,8,reviewer3_performance_final_n0050_r08_seed49,49,,all,chain_publication_total,False,50
1,reviewer3_performance_final,1.352625,1352625,{},2026-08-01T14:08:52.539673Z,8,reviewer3_performance_final_n0050_r08_seed49,49,,all,chain_anchor_database_update,False,50
1,reviewer3_performance_final,27.114625,27114625,{},2026-08-01T14:08:52.569005Z,8,reviewer3_performance_final_n0050_r08_seed49,49,,all,chain_read_verification,False,50
1,reviewer3_performance_final,29.424625,29424625,{},2026-08-01T14:09:00.637354Z,3,reviewer3_performance_final_n1000_r03_seed44,44,,all,chain_send_command,False,1000
1,reviewer3_performance_final,21.713375,21713375,{},2026-08-01T14:09:00.659173Z,3,reviewer3_performance_final_n1000_r03_seed44,44,,all,chain_receipt_query,False,1000
1,reviewer3_performance_final,53.602541,53602541,{},2026-08-01T14:09:00.661517Z,3,reviewer3_performance_final_n1000_r03_seed44,44,,all,chain_publication_total,False,1000
1,reviewer3_performance_final,1.36425,1364250,{},2026-08-01T14:09:00.662925Z,3,reviewer3_performance_final_n1000_r03_seed44,44,,all,chain_anchor_database_update,False,1000
1,reviewer3_performance_final,26.532291,26532291,{},2026-08-01T14:09:00.691658Z,3,reviewer3_performance_final_n1000_r03_seed44,44,,all,chain_read_verification,False,1000
1,reviewer3_performance_final,27.699541,27699541,{},2026-08-01T14:09:10.123562Z,6,reviewer3_performance_final_n1000_r06_seed47,47,,all,chain_send_command,False,1000
1,reviewer3_performance_final,21.130584,21130584,{},2026-08-01T14:09:10.144788Z,6,reviewer3_performance_final_n1000_r06_seed47,47,,all,chain_receipt_query,False,1000
1,reviewer3_performance_final,50.837584,50837584,{},2026-08-01T14:09:10.146684Z,6,reviewer3_performance_final_n1000_r06_seed47,47,,all,chain_publication_total,False,1000
1,reviewer3_performance_final,1.358708,1358708,{},2026-08-01T14:09:10.148078Z,6,reviewer3_performance_final_n1000_r06_seed47,47,,all,chain_anchor_database_update,False,1000
1,reviewer3_performance_final,25.789625,25789625,{},2026-08-01T14:09:10.176171Z,6,reviewer3_performance_final_n1000_r06_seed47,47,,all,chain_read_verification,False,1000
1,reviewer3_performance_final,28.231791,28231791,{},2026-08-01T14:09:15.107565Z,6,reviewer3_performance_final_n0500_r06_seed47,47,,all,chain_send_command,False,500
1,reviewer3_performance_final,21.573916,21573916,{},2026-08-01T14:09:15.129282Z,6,reviewer3_performance_final_n0500_r06_seed47,47,,all,chain_receipt_query,False,500
1,reviewer3_performance_final,52.106791,52106791,{},2026-08-01T14:09:15.131404Z,6,reviewer3_performance_final_n0500_r06_seed47,47,,all,chain_publication_total,False,500
1,reviewer3_performance_final,1.443875,1443875,{},2026-08-01T14:09:15.132892Z,6,reviewer3_performance_final_n0500_r06_seed47,47,,all,chain_anchor_database_update,False,500
1,reviewer3_performance_final,25.852875,25852875,{},2026-08-01T14:09:15.161014Z,6,reviewer3_performance_final_n0500_r06_seed47,47,,all,chain_read_verification,False,500
