execution_index,repetition,seed,workload_size
1,2,43,1000
2,4,45,1000
3,6,47,100
4,3,44,500
5,4,45,10
6,4,45,500
7,7,48,100
8,9,50,10
9,5,46,1000
10,10,51,50
11,6,47,50
12,1,42,10
13,8,49,100
14,2,43,500
15,7,48,50
16,6,47,10
17,1,42,100
18,10,51,500
19,10,51,100
20,4,45,50
21,8,49,500
22,2,43,100
23,5,46,100
24,1,42,1000
25,9,50,1000
26,10,51,1000
27,3,44,10
28,7,48,500
29,1,42,500
30,9,50,500
31,8,49,10
32,3,44,100
33,9,50,50
34,2,43,50
35,9,50,100
36,1,42,50
37,5,46,10
38,2,43,10
39,4,45,100
40,3,44,50
41,7,48,1000
42,5,46,50
43,7,48,10
44,10,51,10
45,8,49,1000
46,5,46,500
47,8,49,50
48,3,44,1000
49,6,47,1000
50,6,47,500
