batch_context_match,batch_count_match,batch_leaf_hashes_match,batch_ordering_match,batch_root_match,batch_tree_root_match,canonical_receipt_validation_passed,chain_block_number,chain_gas_used,chain_receipt_count_match,chain_root_match,chain_status,chain_transaction_fee_wei,chain_tx,count_reconciliation_ok,database_counts_after,database_counts_before,end_to_end_duration_ns,ended_at_utc,execution_index,failure,load_average,num_meter_values,process_id,receipt_pipeline_mean_ms,receipt_pipeline_total_ns,receipt_throughput_per_sec,repetition,run_id,seed,session_type_composition,started_at_utc,valid,warmup,workload_size
True,True,True,True,True,True,True,84,143389,True,True,1,2481346645,0x251470f9654e66cfda9a48403ff04e23c2c1b71ac0bb17473adff5a8cd91e025,True,"{""batch_anchors"": 1, ""memberships"": 1000, ""meter_values"": 9845, ""receipts"": 1000, ""sessions"": 1000, ""verifications"": 1}","{""batch_anchors"": 0, ""memberships"": 0, ""meter_values"": 0, ""receipts"": 0, ""sessions"": 0, ""verifications"": 0}",9270378000,2026-08-01T14:06:50.818010Z,6,,"[2.607421875, 2.9306640625, 3.12158203125]",9845,6545,8.03987692,8039876920,124.38001351891343,2,reviewer3_performance_final_n1000_r02_seed43,43,"{""bidirectional"": 333, ""charge_only"": 334, ""discharge_only"": 333}",2026-08-01T14:06:41.515721Z,True,False,1000
True,True,True,True,True,True,True,85,143389,True,True,1,2174207407,0x407d6ba2d8c3743eb3a80db22d2aca361cc1959390162c42a611cc788c263008,True,"{""batch_anchors"": 1, ""memberships"": 1000, ""meter_values"": 9840, ""receipts"": 1000, ""sessions"": 1000, ""verifications"": 1}","{""batch_anchors"": 0, ""memberships"": 0, ""meter_values"": 0, ""receipts"": 0, ""sessions"": 0, ""verifications"": 0}",9779004000,2026-08-01T14:07:00.665579Z,7,,"[3.2822265625, 3.064453125, 3.16650390625]",9840,6545,8.578639659,8578639659,116.56859825682066,4,reviewer3_performance_final_n1000_r04_seed45,45,"{""bidirectional"": 333, ""charge_only"": 334, ""discharge_only"": 333}",2026-08-01T14:06:50.853782Z,True,False,1000
True,True,True,True,True,True,True,86,143377,True,True,1,1904906822,0x95c6b3fdc6df32b86cab06fbf5338480c767b6b3c2f57d156deb8940bc0ee15d,True,"{""batch_anchors"": 1, ""memberships"": 100, ""meter_values"": 1042, ""receipts"": 100, ""sessions"": 100, ""verifications"": 1}","{""batch_anchors"": 0, ""memberships"": 0, ""meter_values"": 0, ""receipts"": 0, ""sessions"": 0, ""verifications"": 0}",1035449125,2026-08-01T14:07:01.740037Z,8,,"[3.2822265625, 3.064453125, 3.16650390625]",1042,6545,7.964274570000001,796427457,125.56071381150286,6,reviewer3_performance_final_n0100_r06_seed47,47,"{""bidirectional"": 33, ""charge_only"": 34, ""discharge_only"": 33}",2026-08-01T14:07:00.699666Z,True,False,100
True,True,True,True,True,True,True,87,143377,True,True,1,1669195034,0xcce3a12e245ab0b8b0a530f22fae5191a33030d102120abc31a9fb51c6e4b308,True,"{""batch_anchors"": 1, ""memberships"": 500, ""meter_values"": 5117, ""receipts"": 500, ""sessions"": 500, ""verifications"": 1}","{""batch_anchors"": 0, ""memberships"": 0, ""meter_values"": 0, ""receipts"": 0, ""sessions"": 0, ""verifications"": 0}",4061162542,2026-08-01T14:07:05.850869Z,9,,"[3.25927734375, 3.06298828125, 3.16552734375]",5117,6545,6.817720162,3408860081,146.67659807654042,3,reviewer3_performance_final_n0500_r03_seed44,44,"{""bidirectional"": 166, ""charge_only"": 167, ""discharge_only"": 167}",2026-08-01T14:07:01.772093Z,True,False,500
True,True,True,True,True,True,True,88,143377,True,True,1,1462588777,0x7f9e354906c2764d0c3229f47cb09b6596ffe2871d3e0fa71f533239b7795475,True,"{""batch_anchors"": 1, ""memberships"": 10, ""meter_values"": 118, ""receipts"": 10, ""sessions"": 10, ""verifications"": 1}","{""batch_anchors"": 0, ""memberships"": 0, ""meter_values"": 0, ""receipts"": 0, ""sessions"": 0, ""verifications"": 0}",219338833,2026-08-01T14:07:06.106491Z,10,,"[3.25927734375, 3.06298828125, 3.16552734375]",118,6545,8.2225084,82225084,121.6173886791043,4,reviewer3_performance_final_n0010_r04_seed45,45,"{""bidirectional"": 3, ""charge_only"": 4, ""discharge_only"": 3}",2026-08-01T14:07:05.884811Z,True,False,10
True,True,True,True,True,True,True,89,143389,True,True,1,1281754271,0x3920b286d14595b543e4b2ded88a782a3da7ab925131003f3566774cff6aabdf,True,"{""batch_anchors"": 1, ""memberships"": 500, ""meter_values"": 4957, ""receipts"": 500, ""sessions"": 500, ""verifications"": 1}","{""batch_anchors"": 0, ""memberships"": 0, ""meter_values"": 0, ""receipts"": 0, ""sessions"": 0, ""verifications"": 0}",4253940833,2026-08-01T14:07:10.421344Z,11,,"[3.25927734375, 3.06298828125, 3.16552734375]",4957,6545,7.193135148,3596567574,139.02143911171237,4,reviewer3_performance_final_n0500_r04_seed45,45,"{""bidirectional"": 166, ""charge_only"": 167, ""discharge_only"": 167}",2026-08-01T14:07:06.147306Z,True,False,500
True,True,True,True,True,True,True,90,143377,True,True,1,1123072041,0x307348061d0c47f252ffd69b0edd77db34a8c87edecfa28e59ed984eaaad6055,True,"{""batch_anchors"": 1, ""memberships"": 100, ""meter_values"": 1061, ""receipts"": 100, ""sessions"": 100, ""verifications"": 1}","{""batch_anchors"": 0, ""memberships"": 0, ""meter_values"": 0, ""receipts"": 0, ""sessions"": 0, ""verifications"": 0}",1018035250,2026-08-01T14:07:11.483624Z,12,,"[3.078125, 3.0283203125, 3.15283203125]",1061,6545,7.8843324599999995,788433246,126.8338194860951,7,reviewer3_performance_final_n0100_r07_seed48,48,"{""bidirectional"": 33, ""charge_only"": 34, ""discharge_only"": 33}",2026-08-01T14:07:10.460052Z,True,False,100
True,True,True,True,True,True,True,91,143377,True,True,1,984139728,0x95beb7c10009c7da9fc026eceb5eb905eca50a70de5141439f792cc53805e243,True,"{""batch_anchors"": 1, ""memberships"": 10, ""meter_values"": 93, ""receipts"": 10, ""sessions"": 10, ""verifications"": 1}","{""batch_anchors"": 0, ""memberships"": 0, ""meter_values"": 0, ""receipts"": 0, ""sessions"": 0, ""verifications"": 0}",215598958,2026-08-01T14:07:11.731902Z,13,,"[3.078125, 3.0283203125, 3.15283203125]",93,6545,8.3181709,83181709,120.21873703027669,9,reviewer3_performance_final_n0010_r09_seed50,50,"{""bidirectional"": 3, ""charge_only"": 4, ""discharge_only"": 3}",2026-08-01T14:07:11.514263Z,True,False,10
True,True,True,True,True,True,True,92,143389,True,True,1,862484835,0xa216c7d323490858ff983d7b317f24d19fbced8faff789f29389eff1fd8832a1,True,"{""batch_anchors"": 1, ""memberships"": 1000, ""meter_values"": 10105, ""receipts"": 1000, ""sessions"": 1000, ""verifications"": 1}","{""batch_anchors"": 0, ""memberships"": 0, ""meter_values"": 0, ""receipts"": 0, ""sessions"": 0, ""verifications"": 0}",8960958208,2026-08-01T14:07:20.757492Z,14,,"[4.1005859375, 3.24267578125, 3.22705078125]",10105,6545,7.668048388,7668048388,130.41127929825473,5,reviewer3_performance_final_n1000_r05_seed46,46,"{""bidirectional"": 333, ""charge_only"": 334, ""discharge_only"": 333}",2026-08-01T14:07:11.763725Z,True,False,1000
True,True,True,True,True,True,True,93,143377,True,True,1,755740167,0x6f59f09c9932a716543e60327710b334fb93d36aed6db1d68154eda95c73cb47,True,"{""batch_anchors"": 1, ""memberships"": 50, ""meter_values"": 499, ""receipts"": 50, ""sessions"": 50, ""verifications"": 1}","{""batch_anchors"": 0, ""memberships"": 0, ""meter_values"": 0, ""receipts"": 0, ""sessions"": 0, ""verifications"": 0}",614494917,2026-08-01T14:07:21.420909Z,15,,"[4.1005859375, 3.24267578125, 3.22705078125]",499,6545,8.71241332,435620666,114.77876028957726,10,reviewer3_performance_final_n0050_r10_seed51,51,"{""bidirectional"": 16, ""charge_only"": 17, ""discharge_only"": 17}",2026-08-01T14:07:20.803069Z,True,False,50
True,True,True,True,True,True,True,94,143377,True,True,1,662258363,0xb04eacf6ebf51ac753806768f0c8626a2b96a9ed257c833ed3cceb2f6159158d,True,"{""batch_anchors"": 1, ""memberships"": 50, ""meter_values"": 531, ""receipts"": 50, ""sessions"": 50, ""verifications"": 1}","{""batch_anchors"": 0, ""memberships"": 0, ""meter_values"": 0, ""receipts"": 0, ""sessions"": 0, ""verifications"": 0}",533887250,2026-08-01T14:07:21.992722Z,16,,"[4.1005859375, 3.24267578125, 3.22705078125]",531,6545,7.07464258,353732129,141.349897000733,6,reviewer3_performance_final_n0050_r06_seed47,47,"{""bidirectional"": 16, ""charge_only"": 17, ""discharge_only"": 17}",2026-08-01T14:07:21.454666Z,True,False,50
True,True,True,True,True,True,True,95,143377,True,True,1,580390096,0xc42b308bc429c2a984916a8c4a4ac3bca41f02a23ecf438bb934db55aa3c90da,True,"{""batch_anchors"": 1, ""memberships"": 10, ""meter_values"": 105, ""receipts"": 10, ""sessions"": 10, ""verifications"": 1}","{""batch_anchors"": 0, ""memberships"": 0, ""meter_values"": 0, ""receipts"": 0, ""sessions"": 0, ""verifications"": 0}",262359000,2026-08-01T14:07:22.289975Z,17,,"[4.1005859375, 3.24267578125, 3.22705078125]",105,6545,7.4119627,74119627,134.917030815603,1,reviewer3_performance_final_n0010_r01_seed42,42,"{""bidirectional"": 3, ""charge_only"": 4, ""discharge_only"": 3}",2026-08-01T14:07:22.025057Z,True,False,10
True,True,True,True,True,True,True,96,143353,True,True,1,508473091,0xe27b139df5e36037ab07e1d9ac84cdc8465b20fc2c1537399b44013167c5f36c,True,"{""batch_anchors"": 1, ""memberships"": 100, ""meter_values"": 1008, ""receipts"": 100, ""sessions"": 100, ""verifications"": 1}","{""batch_anchors"": 0, ""memberships"": 0, ""meter_values"": 0, ""receipts"": 0, ""sessions"": 0, ""verifications"": 0}",913313333,2026-08-01T14:07:23.245769Z,18,,"[4.1005859375, 3.24267578125, 3.22705078125]",1008,6545,6.78262795,678262795,147.4354788987062,8,reviewer3_performance_final_n0100_r08_seed49,49,"{""bidirectional"": 33, ""charge_only"": 34, ""discharge_only"": 33}",2026-08-01T14:07:22.327238Z,True,False,100
True,True,True,True,True,True,True,97,143389,True,True,1,445653012,0x663f0ca6268be20a7a290954a527fd188e2c97902f3b5b1db51613f7dbe08738,True,"{""batch_anchors"": 1, ""memberships"": 500, ""meter_values"": 4909, ""receipts"": 500, ""sessions"": 500, ""verifications"": 1}","{""batch_anchors"": 0, ""memberships"": 0, ""meter_values"": 0, ""receipts"": 0, ""sessions"": 0, ""verifications"": 0}",4383731542,2026-08-01T14:07:27.680489Z,19,,"[3.85205078125, 3.205078125, 3.2138671875]",4909,6545,7.387980843999999,3693990422,135.35498008391966,2,reviewer3_performance_final_n0500_r02_seed43,43,"{""bidirectional"": 166, ""charge_only"": 167, ""discharge_only"": 167}",2026-08-01T14:07:23.279426Z,True,False,500
True,True,True,True,True,True,True,98,143377,True,True,1,390558948,0x2e3c22877a9b2ab5b15d16afbe6db3c3e4a01ad4b22fd3cd54e0243c5f9c8f9b,True,"{""batch_anchors"": 1, ""memberships"": 50, ""meter_values"": 513, ""receipts"": 50, ""sessions"": 50, ""verifications"": 1}","{""batch_anchors"": 0, ""memberships"": 0, ""meter_values"": 0, ""receipts"": 0, ""sessions"": 0, ""verifications"": 0}",509339666,2026-08-01T14:07:28.230651Z,20,,"[3.85205078125, 3.205078125, 3.2138671875]",513,6545,6.5618367,328091835,152.39635573375364,7,reviewer3_performance_final_n0050_r07_seed48,48,"{""bidirectional"": 16, ""charge_only"": 17, ""discharge_only"": 17}",2026-08-01T14:07:27.717726Z,True,False,50
True,True,True,True,True,True,True,99,143377,True,True,1,342240899,0xf0a9f73a2d3997bd5246355a4173663a2aef1bae0502bb24d2ad824812f06949,True,"{""batch_anchors"": 1, ""memberships"": 10, ""meter_values"": 90, ""receipts"": 10, ""sessions"": 10, ""verifications"": 1}","{""batch_anchors"": 0, ""memberships"": 0, ""meter_values"": 0, ""receipts"": 0, ""sessions"": 0, ""verifications"": 0}",196764875,2026-08-01T14:07:28.459193Z,21,,"[3.85205078125, 3.205078125, 3.2138671875]",90,6545,6.6489042000000005,66489042,150.40072317480525,6,reviewer3_performance_final_n0010_r06_seed47,47,"{""bidirectional"": 3, ""charge_only"": 4, ""discharge_only"": 3}",2026-08-01T14:07:28.260327Z,True,False,10
True,True,True,True,True,True,True,100,143377,True,True,1,299944684,0x4a391af0bf282cd517469255e6ea4dda76a908b12628f59533e6f3f515da2468,True,"{""batch_anchors"": 1, ""memberships"": 100, ""meter_values"": 1014, ""receipts"": 100, ""sessions"": 100, ""verifications"": 1}","{""batch_anchors"": 0, ""memberships"": 0, ""meter_values"": 0, ""receipts"": 0, ""sessions"": 0, ""verifications"": 0}",913595459,2026-08-01T14:07:29.412821Z,22,,"[3.85205078125, 3.205078125, 3.2138671875]",1014,6545,6.8140875,681408750,146.754792919815,1,reviewer3_performance_final_n0100_r01_seed42,42,"{""bidirectional"": 33, ""charge_only"": 34, ""discharge_only"": 33}",2026-08-01T14:07:28.494073Z,True,False,100
True,True,True,True,True,True,True,101,143389,True,True,1,262975426,0x0fbba1f09579ef7e771fc08d89332f8ecd3a2e1e8e52e011080db45eba234d4c,True,"{""batch_anchors"": 1, ""memberships"": 500, ""meter_values"": 5032, ""receipts"": 500, ""sessions"": 500, ""verifications"": 1}","{""batch_anchors"": 0, ""memberships"": 0, ""meter_values"": 0, ""receipts"": 0, ""sessions"": 0, ""verifications"": 0}",4322846375,2026-08-01T14:07:33.788450Z,23,,"[4.02392578125, 3.25146484375, 3.22998046875]",5032,6545,7.244945502,3622472751,138.02726324496788,10,reviewer3_performance_final_n0500_r10_seed51,51,"{""bidirectional"": 166, ""charge_only"": 167, ""discharge_only"": 167}",2026-08-01T14:07:29.447833Z,True,False,500
True,True,True,True,True,True,True,102,143377,True,True,1,230550216,0x2f27276d6bb212e334f60eb16dc4dd852c654eb25c92f073d5e861c544164cfe,True,"{""batch_anchors"": 1, ""memberships"": 100, ""meter_values"": 973, ""receipts"": 100, ""sessions"": 100, ""verifications"": 1}","{""batch_anchors"": 0, ""memberships"": 0, ""meter_values"": 0, ""receipts"": 0, ""sessions"": 0, ""verifications"": 0}",1067915042,2026-08-01T14:07:34.900876Z,24,,"[4.02392578125, 3.25146484375, 3.22998046875]",973,6545,8.389431210000001,838943121,119.1975921809841,10,reviewer3_performance_final_n0100_r10_seed51,51,"{""bidirectional"": 33, ""charge_only"": 34, ""discharge_only"": 33}",2026-08-01T14:07:33.827729Z,True,False,100
True,True,True,True,True,True,True,103,143377,True,True,1,202161570,0x2e74f2d0d63523f77c1c2e6fbd83d1f777b36b1506260d6ada79293abadf5d5d,True,"{""batch_anchors"": 1, ""memberships"": 50, ""meter_values"": 512, ""receipts"": 50, ""sessions"": 50, ""verifications"": 1}","{""batch_anchors"": 0, ""memberships"": 0, ""meter_values"": 0, ""receipts"": 0, ""sessions"": 0, ""verifications"": 0}",525937500,2026-08-01T14:07:35.505136Z,25,,"[4.02392578125, 3.25146484375, 3.22998046875]",512,6545,6.950014179999999,347500709,143.8845985203443,4,reviewer3_performance_final_n0050_r04_seed45,45,"{""bidirectional"": 16, ""charge_only"": 17, ""discharge_only"": 17}",2026-08-01T14:07:34.975428Z,True,False,50
True,True,True,True,True,True,True,104,143389,True,True,1,177228804,0xbcb6cc485b3184b77f952f7d77fa1032f57d37f7ed8d988f070cdd30aa572e9b,True,"{""batch_anchors"": 1, ""memberships"": 500, ""meter_values"": 5070, ""receipts"": 500, ""sessions"": 500, ""verifications"": 1}","{""batch_anchors"": 0, ""memberships"": 0, ""meter_values"": 0, ""receipts"": 0, ""sessions"": 0, ""verifications"": 0}",4703114792,2026-08-01T14:07:40.262958Z,26,,"[4.18212890625, 3.296875, 3.24609375]",5070,6545,7.9416068200000005,3970803410,125.91910209929028,8,reviewer3_performance_final_n0500_r08_seed49,49,"{""bidirectional"": 166, ""charge_only"": 167, ""discharge_only"": 167}",2026-08-01T14:07:35.542666Z,True,False,500
True,True,True,True,True,True,True,105,143377,True,True,1,155420668,0xdf029d9a187bfd1651dfe680ecbab59d607192413c7d792a12ab5cabcadce2ab,True,"{""batch_anchors"": 1, ""memberships"": 100, ""meter_values"": 986, ""receipts"": 100, ""sessions"": 100, ""verifications"": 1}","{""batch_anchors"": 0, ""memberships"": 0, ""meter_values"": 0, ""receipts"": 0, ""sessions"": 0, ""verifications"": 0}",968130625,2026-08-01T14:07:41.279910Z,27,,"[4.24755859375, 3.32470703125, 3.25634765625]",986,6545,7.38197915,738197915,135.46502634053093,2,reviewer3_performance_final_n0100_r02_seed43,43,"{""bidirectional"": 33, ""charge_only"": 34, ""discharge_only"": 33}",2026-08-01T14:07:40.306057Z,True,False,100
True,True,True,True,True,True,True,106,143377,True,True,1,136208150,0x39df5721b79b9ba94c1c0ebf7c98a5e8909ef64c14fc7a3924c43580b34a13bc,True,"{""batch_anchors"": 1, ""memberships"": 100, ""meter_values"": 1004, ""receipts"": 100, ""sessions"": 100, ""verifications"": 1}","{""batch_anchors"": 0, ""memberships"": 0, ""meter_values"": 0, ""receipts"": 0, ""sessions"": 0, ""verifications"": 0}",928279167,2026-08-01T14:07:42.247556Z,28,,"[4.24755859375, 3.32470703125, 3.25634765625]",1004,6545,6.93442291,693442291,144.20810685744576,5,reviewer3_performance_final_n0100_r05_seed46,46,"{""bidirectional"": 33, ""charge_only"": 34, ""discharge_only"": 33}",2026-08-01T14:07:41.314046Z,True,False,100
True,True,True,True,True,True,True,107,143389,True,True,1,119443037,0xc0b11ce53b067712f0ff7679e3409ae6e40fa2bbfda39f7c070949632c50d373,True,"{""batch_anchors"": 1, ""memberships"": 1000, ""meter_values"": 10083, ""receipts"": 1000, ""sessions"": 1000, ""verifications"": 1}","{""batch_anchors"": 0, ""memberships"": 0, ""meter_values"": 0, ""receipts"": 0, ""sessions"": 0, ""verifications"": 0}",8805474667,2026-08-01T14:07:51.121335Z,29,,"[5.3427734375, 3.5791015625, 3.3466796875]",10083,6545,7.53622955,7536229550,132.6923487886592,1,reviewer3_performance_final_n1000_r01_seed42,42,"{""bidirectional"": 333, ""charge_only"": 334, ""discharge_only"": 333}",2026-08-01T14:07:42.283717Z,True,False,1000
True,True,True,True,True,True,True,108,143389,True,True,1,104673970,0xf1581dcc8882249cb080b62044957f61904d536abc59ae3661366b4e8dc6ca14,True,"{""batch_anchors"": 1, ""memberships"": 1000, ""meter_values"": 9808, ""receipts"": 1000, ""sessions"": 1000, ""verifications"": 1}","{""batch_anchors"": 0, ""memberships"": 0, ""meter_values"": 0, ""receipts"": 0, ""sessions"": 0, ""verifications"": 0}",8964602541,2026-08-01T14:08:00.161708Z,30,,"[5.23486328125, 3.5859375, 3.35009765625]",9808,6545,7.7071601229999995,7707160123,129.74947763389034,9,reviewer3_performance_final_n1000_r09_seed50,50,"{""bidirectional"": 333, ""charge_only"": 334, ""discharge_only"": 333}",2026-08-01T14:07:51.163569Z,True,False,1000
True,True,True,True,True,True,True,109,143389,True,True,1,91768960,0xb7bff2067d095a7c4e165f3dde727871ee3a681a938b483249a88e5101e2a0a6,True,"{""batch_anchors"": 1, ""memberships"": 1000, ""meter_values"": 9953, ""receipts"": 1000, ""sessions"": 1000, ""verifications"": 1}","{""batch_anchors"": 0, ""memberships"": 0, ""meter_values"": 0, ""receipts"": 0, ""sessions"": 0, ""verifications"": 0}",8926017375,2026-08-01T14:08:09.166971Z,31,,"[4.6572265625, 3.5166015625, 3.32763671875]",9953,6545,7.667284629,7667284629,130.42426991919618,10,reviewer3_performance_final_n1000_r10_seed51,51,"{""bidirectional"": 333, ""charge_only"": 334, ""discharge_only"": 333}",2026-08-01T14:08:00.200933Z,True,False,1000
True,True,True,True,True,True,True,110,143377,True,True,1,80434497,0x7f8ae2d9e16e58308ae6e4857de632c3b8158549d651f07553d7073d9aba4610,True,"{""batch_anchors"": 1, ""memberships"": 10, ""meter_values"": 95, ""receipts"": 10, ""sessions"": 10, ""verifications"": 1}","{""batch_anchors"": 0, ""memberships"": 0, ""meter_values"": 0, ""receipts"": 0, ""sessions"": 0, ""verifications"": 0}",214584584,2026-08-01T14:08:09.439994Z,32,,"[4.6572265625, 3.5166015625, 3.32763671875]",95,6545,7.9193042,79193042,126.27371985533779,3,reviewer3_performance_final_n0010_r03_seed44,44,"{""bidirectional"": 3, ""charge_only"": 4, ""discharge_only"": 3}",2026-08-01T14:08:09.222735Z,True,False,10
True,True,True,True,True,True,True,111,143389,True,True,1,70547388,0x51f7bbcca63f1a8c4fba8cc5d68914235972210806823cccba31279b24a875e3,True,"{""batch_anchors"": 1, ""memberships"": 500, ""meter_values"": 5211, ""receipts"": 500, ""sessions"": 500, ""verifications"": 1}","{""batch_anchors"": 0, ""memberships"": 0, ""meter_values"": 0, ""receipts"": 0, ""sessions"": 0, ""verifications"": 0}",4206512375,2026-08-01T14:08:13.699334Z,33,,"[4.7646484375, 3.5576171875, 3.34326171875]",5211,6545,7.0317990020000005,3515899501,142.21111833765127,7,reviewer3_performance_final_n0500_r07_seed48,48,"{""bidirectional"": 166, ""charge_only"": 167, ""discharge_only"": 167}",2026-08-01T14:08:09.475244Z,True,False,500
True,True,True,True,True,True,True,112,143389,True,True,1,61944048,0xca2914312d374ac284a028ee8ad7c6d490d53a4bbd9cca85f7de81d95638e350,True,"{""batch_anchors"": 1, ""memberships"": 500, ""meter_values"": 5136, ""receipts"": 500, ""sessions"": 500, ""verifications"": 1}","{""batch_anchors"": 0, ""memberships"": 0, ""meter_values"": 0, ""receipts"": 0, ""sessions"": 0, ""verifications"": 0}",4224774500,2026-08-01T14:08:17.980657Z,34,,"[4.783203125, 3.58154296875, 3.3525390625]",5136,6545,7.0324634900000005,3516231745,142.19768100068728,1,reviewer3_performance_final_n0500_r01_seed42,42,"{""bidirectional"": 166, ""charge_only"": 167, ""discharge_only"": 167}",2026-08-01T14:08:13.738164Z,True,False,500
True,True,True,True,True,True,True,113,143389,True,True,1,54344431,0xe091503992de33f11736a18d36ec747b25294f230f36fb776606f207ea3efa82,True,"{""batch_anchors"": 1, ""memberships"": 500, ""meter_values"": 4930, ""receipts"": 500, ""sessions"": 500, ""verifications"": 1}","{""batch_anchors"": 0, ""memberships"": 0, ""meter_values"": 0, ""receipts"": 0, ""sessions"": 0, ""verifications"": 0}",3977623042,2026-08-01T14:08:22.012221Z,35,,"[4.64013671875, 3.57177734375, 3.35009765625]",4930,6545,6.537555922,3268777961,152.96236268279222,9,reviewer3_performance_final_n0500_r09_seed50,50,"{""bidirectional"": 166, ""charge_only"": 167, ""discharge_only"": 167}",2026-08-01T14:08:18.017831Z,True,False,500
True,True,True,True,True,True,True,114,143377,True,True,1,47744541,0x094977a69e4a550d792e52e1c2b1a1430c9b81a6ac3331fa995508f8ac9f227f,True,"{""batch_anchors"": 1, ""memberships"": 10, ""meter_values"": 105, ""receipts"": 10, ""sessions"": 10, ""verifications"": 1}","{""batch_anchors"": 0, ""memberships"": 0, ""meter_values"": 0, ""receipts"": 0, ""sessions"": 0, ""verifications"": 0}",221038791,2026-08-01T14:08:22.275828Z,36,,"[4.64013671875, 3.57177734375, 3.35009765625]",105,6545,8.4203293,84203293,118.76020098168846,8,reviewer3_performance_final_n0010_r08_seed49,49,"{""bidirectional"": 3, ""charge_only"": 4, ""discharge_only"": 3}",2026-08-01T14:08:22.052749Z,True,False,10
True,True,True,True,True,True,True,115,143377,True,True,1,41866084,0x9948ede14d5496815144685c730d6a72da3c5c2dda8b8db08c392cdb941ce615,True,"{""batch_anchors"": 1, ""memberships"": 100, ""meter_values"": 985, ""receipts"": 100, ""sessions"": 100, ""verifications"": 1}","{""batch_anchors"": 0, ""memberships"": 0, ""meter_values"": 0, ""receipts"": 0, ""sessions"": 0, ""verifications"": 0}",1032341834,2026-08-01T14:08:23.346431Z,37,,"[4.64013671875, 3.57177734375, 3.35009765625]",985,6545,7.95329967,795329967,125.7339772788921,3,reviewer3_performance_final_n0100_r03_seed44,44,"{""bidirectional"": 33, ""charge_only"": 34, ""discharge_only"": 33}",2026-08-01T14:08:22.308890Z,True,False,100
True,True,True,True,True,True,True,116,143377,True,True,1,36704512,0xc55d6dcbd859b4cadcdb59fb65d5b185c95d51f07bffd909850c29216bc7daef,True,"{""batch_anchors"": 1, ""memberships"": 50, ""meter_values"": 479, ""receipts"": 50, ""sessions"": 50, ""verifications"": 1}","{""batch_anchors"": 0, ""memberships"": 0, ""meter_values"": 0, ""receipts"": 0, ""sessions"": 0, ""verifications"": 0}",495864417,2026-08-01T14:08:23.876846Z,38,,"[4.64013671875, 3.57177734375, 3.35009765625]",479,6545,6.452325,322616250,154.9828937631009,9,reviewer3_performance_final_n0050_r09_seed50,50,"{""bidirectional"": 16, ""charge_only"": 17, ""discharge_only"": 17}",2026-08-01T14:08:23.377557Z,True,False,50
True,True,True,True,True,True,True,117,143377,True,True,1,32259825,0x8a89955579b206cdb81622e98435879578b6b5f1ca87c8a8a5c15ef63761b537,True,"{""batch_anchors"": 1, ""memberships"": 50, ""meter_values"": 473, ""receipts"": 50, ""sessions"": 50, ""verifications"": 1}","{""batch_anchors"": 0, ""memberships"": 0, ""meter_values"": 0, ""receipts"": 0, ""sessions"": 0, ""verifications"": 0}",517930959,2026-08-01T14:08:24.432418Z,39,,"[4.64013671875, 3.57177734375, 3.35009765625]",473,6545,6.94566502,347283251,143.9746945930312,2,reviewer3_performance_final_n0050_r02_seed43,43,"{""bidirectional"": 16, ""charge_only"": 17, ""discharge_only"": 17}",2026-08-01T14:08:23.910831Z,True,False,50
True,True,True,True,True,True,True,118,143377,True,True,1,28388646,0x729356d80fd9dc0dd4e922a555c1caaaec39415a2fb96a0282c64adc64d153cc,True,"{""batch_anchors"": 1, ""memberships"": 100, ""meter_values"": 996, ""receipts"": 100, ""sessions"": 100, ""verifications"": 1}","{""batch_anchors"": 0, ""memberships"": 0, ""meter_values"": 0, ""receipts"": 0, ""sessions"": 0, ""verifications"": 0}",887886375,2026-08-01T14:08:25.360930Z,40,,"[4.64013671875, 3.57177734375, 3.35009765625]",996,6545,6.64805504,664805504,150.41993394807994,9,reviewer3_performance_final_n0100_r09_seed50,50,"{""bidirectional"": 33, ""charge_only"": 34, ""discharge_only"": 33}",2026-08-01T14:08:24.467681Z,True,False,100
True,True,True,True,True,True,True,119,143377,True,True,1,24947598,0xdc8af7710ec77ec8e28937e7e73a0ff758bc1948df26dda791c7c330b79135ad,True,"{""batch_anchors"": 1, ""memberships"": 50, ""meter_values"": 509, ""receipts"": 50, ""sessions"": 50, ""verifications"": 1}","{""batch_anchors"": 0, ""memberships"": 0, ""meter_values"": 0, ""receipts"": 0, ""sessions"": 0, ""verifications"": 0}",510739833,2026-08-01T14:08:25.910815Z,41,,"[4.4287109375, 3.54541015625, 3.341796875]",509,6545,6.61357752,330678876,151.20409445204476,1,reviewer3_performance_final_n0050_r01_seed42,42,"{""bidirectional"": 16, ""charge_only"": 17, ""discharge_only"": 17}",2026-08-01T14:08:25.396486Z,True,False,50
True,True,True,True,True,True,True,120,143365,True,True,1,21934845,0xde3aa57fc48a7da4527dc19776a9d8bc1da8f94d4ad60db060410582e14b4093,True,"{""batch_anchors"": 1, ""memberships"": 10, ""meter_values"": 125, ""receipts"": 10, ""sessions"": 10, ""verifications"": 1}","{""batch_anchors"": 0, ""memberships"": 0, ""meter_values"": 0, ""receipts"": 0, ""sessions"": 0, ""verifications"": 0}",208953708,2026-08-01T14:08:26.155762Z,42,,"[4.4287109375, 3.54541015625, 3.341796875]",125,6545,7.5874502,75874502,131.79658167641088,5,reviewer3_performance_final_n0010_r05_seed46,46,"{""bidirectional"": 3, ""charge_only"": 4, ""discharge_only"": 3}",2026-08-01T14:08:25.944066Z,True,False,10
True,True,True,True,True,True,True,121,143377,True,True,1,19355895,0xe10f60f6e03ce393efa086cb6d7c70f9619628835b0f57dbeff2d269fcfc8b25,True,"{""batch_anchors"": 1, ""memberships"": 10, ""meter_values"": 110, ""receipts"": 10, ""sessions"": 10, ""verifications"": 1}","{""batch_anchors"": 0, ""memberships"": 0, ""meter_values"": 0, ""receipts"": 0, ""sessions"": 0, ""verifications"": 0}",204204875,2026-08-01T14:08:26.397409Z,43,,"[4.4287109375, 3.54541015625, 3.341796875]",110,6545,7.1417875,71417875,140.02096813997895,2,reviewer3_performance_final_n0010_r02_seed43,43,"{""bidirectional"": 3, ""charge_only"": 4, ""discharge_only"": 3}",2026-08-01T14:08:26.191084Z,True,False,10
True,True,True,True,True,True,True,122,143377,True,True,1,17061863,0x16adb0914608bab8ba27cc15d2df74a9f6d67678f49ded0341de337e063868a7,True,"{""batch_anchors"": 1, ""memberships"": 100, ""meter_values"": 989, ""receipts"": 100, ""sessions"": 100, ""verifications"": 1}","{""batch_anchors"": 0, ""memberships"": 0, ""meter_values"": 0, ""receipts"": 0, ""sessions"": 0, ""verifications"": 0}",893984291,2026-08-01T14:08:27.327940Z,44,,"[4.4287109375, 3.54541015625, 3.341796875]",989,6545,6.661774980000001,666177498,150.11014376832043,4,reviewer3_performance_final_n0100_r04_seed45,45,"{""bidirectional"": 33, ""charge_only"": 34, ""discharge_only"": 33}",2026-08-01T14:08:26.428860Z,True,False,100
True,True,True,True,True,True,True,123,143377,True,True,1,15054585,0xee0b16dd0e5a025b84a9c420b591e726ae856bcebc3f3d4086ac19c58d820a8b,True,"{""batch_anchors"": 1, ""memberships"": 50, ""meter_values"": 528, ""receipts"": 50, ""sessions"": 50, ""verifications"": 1}","{""batch_anchors"": 0, ""memberships"": 0, ""meter_values"": 0, ""receipts"": 0, ""sessions"": 0, ""verifications"": 0}",505832791,2026-08-01T14:08:27.869307Z,45,,"[4.4287109375, 3.54541015625, 3.341796875]",528,6545,6.523890860000001,326194543,153.28276046604495,3,reviewer3_performance_final_n0050_r03_seed44,44,"{""bidirectional"": 16, ""charge_only"": 17, ""discharge_only"": 17}",2026-08-01T14:08:27.360012Z,True,False,50
True,True,True,True,True,True,True,124,143377,True,True,1,13334061,0xce045a23646f30ade46de75aab32e3e395a61160c99fd46814839e7b78fa14e8,True,"{""batch_anchors"": 1, ""memberships"": 1000, ""meter_values"": 10306, ""receipts"": 1000, ""sessions"": 1000, ""verifications"": 1}","{""batch_anchors"": 0, ""memberships"": 0, ""meter_values"": 0, ""receipts"": 0, ""sessions"": 0, ""verifications"": 0}",9134032000,2026-08-01T14:08:37.076113Z,46,,"[4.06103515625, 3.494140625, 3.32568359375]",10306,6545,7.732891539,7732891539,129.31773256570438,7,reviewer3_performance_final_n1000_r07_seed48,48,"{""bidirectional"": 333, ""charge_only"": 334, ""discharge_only"": 333}",2026-08-01T14:08:27.904238Z,True,False,1000
True,True,True,True,True,True,True,125,143377,True,True,1,11756914,0xcaae5a2ce5b6838863df9264c5bdd47fe866592f01b9357fb0c0f51f041ca97a,True,"{""batch_anchors"": 1, ""memberships"": 50, ""meter_values"": 494, ""receipts"": 50, ""sessions"": 50, ""verifications"": 1}","{""batch_anchors"": 0, ""memberships"": 0, ""meter_values"": 0, ""receipts"": 0, ""sessions"": 0, ""verifications"": 0}",542981042,2026-08-01T14:08:37.672505Z,47,,"[4.06103515625, 3.494140625, 3.32568359375]",494,6545,7.26715338,363357669,137.6054622367142,5,reviewer3_performance_final_n0050_r05_seed46,46,"{""bidirectional"": 16, ""charge_only"": 17, ""discharge_only"": 17}",2026-08-01T14:08:37.125887Z,True,False,50
True,True,True,True,True,True,True,126,143377,True,True,1,10323144,0xf96b356a7cdf9b2802475d4d086942f197fa083e5bfa925bd72c3ec8c743a31e,True,"{""batch_anchors"": 1, ""memberships"": 10, ""meter_values"": 121, ""receipts"": 10, ""sessions"": 10, ""verifications"": 1}","{""batch_anchors"": 0, ""memberships"": 0, ""meter_values"": 0, ""receipts"": 0, ""sessions"": 0, ""verifications"": 0}",212391125,2026-08-01T14:08:37.921138Z,48,,"[4.06103515625, 3.494140625, 3.32568359375]",121,6545,7.9143749,79143749,126.35236675482734,7,reviewer3_performance_final_n0010_r07_seed48,48,"{""bidirectional"": 3, ""charge_only"": 4, ""discharge_only"": 3}",2026-08-01T14:08:37.706441Z,True,False,10
True,True,True,True,True,True,True,127,143377,True,True,1,9176128,0x496d8e8b81ec85dc995f1693c15252e754fda7f7d14e69ea70a47f59aef88ee6,True,"{""batch_anchors"": 1, ""memberships"": 10, ""meter_values"": 140, ""receipts"": 10, ""sessions"": 10, ""verifications"": 1}","{""batch_anchors"": 0, ""memberships"": 0, ""meter_values"": 0, ""receipts"": 0, ""sessions"": 0, ""verifications"": 0}",242612625,2026-08-01T14:08:38.201672Z,49,,"[4.06103515625, 3.494140625, 3.32568359375]",140,6545,8.0798667,80798667,123.76441804417391,10,reviewer3_performance_final_n0010_r10_seed51,51,"{""bidirectional"": 3, ""charge_only"": 4, ""discharge_only"": 3}",2026-08-01T14:08:37.956924Z,True,False,10
True,True,True,True,True,True,True,128,143389,True,True,1,8173173,0xa4511eea07d886455d1177bb0ca4899d478999d915fa95b6d551bc38d8ffb1f9,True,"{""batch_anchors"": 1, ""memberships"": 1000, ""meter_values"": 10040, ""receipts"": 1000, ""sessions"": 1000, ""verifications"": 1}","{""batch_anchors"": 0, ""memberships"": 0, ""meter_values"": 0, ""receipts"": 0, ""sessions"": 0, ""verifications"": 0}",9253456375,2026-08-01T14:08:47.523257Z,50,,"[3.66357421875, 3.42822265625, 3.30419921875]",10040,6545,7.94582437,7945824370,125.85226572280756,8,reviewer3_performance_final_n1000_r08_seed49,49,"{""bidirectional"": 333, ""charge_only"": 334, ""discharge_only"": 333}",2026-08-01T14:08:38.237570Z,True,False,1000
True,True,True,True,True,True,True,129,143389,True,True,1,7312839,0x582a71332c692bb84ce7a5c06070687aa864f7782f0b2a3d1d6026a4344f6e5f,True,"{""batch_anchors"": 1, ""memberships"": 500, ""meter_values"": 5050, ""receipts"": 500, ""sessions"": 500, ""verifications"": 1}","{""batch_anchors"": 0, ""memberships"": 0, ""meter_values"": 0, ""receipts"": 0, ""sessions"": 0, ""verifications"": 0}",4397674209,2026-08-01T14:08:51.977170Z,51,,"[3.7705078125, 3.4541015625, 3.31396484375]",5050,6545,7.332357844,3666178922,136.38177804132823,5,reviewer3_performance_final_n0500_r05_seed46,46,"{""bidirectional"": 166, ""charge_only"": 167, ""discharge_only"": 167}",2026-08-01T14:08:47.562329Z,True,False,500
True,True,True,True,True,True,True,130,143377,True,True,1,6451965,0xd6aeed491cb76e14d468a80452ea09f81b41417b54672b3ef1ce6cf4cbee87be,True,"{""batch_anchors"": 1, ""memberships"": 50, ""meter_values"": 498, ""receipts"": 50, ""sessions"": 50, ""verifications"": 1}","{""batch_anchors"": 0, ""memberships"": 0, ""meter_values"": 0, ""receipts"": 0, ""sessions"": 0, ""verifications"": 0}",620943042,2026-08-01T14:08:52.638928Z,52,,"[3.7705078125, 3.4541015625, 3.31396484375]",498,6545,8.41606166,420803083,118.82042223535704,8,reviewer3_performance_final_n0050_r08_seed49,49,"{""bidirectional"": 16, ""charge_only"": 17, ""discharge_only"": 17}",2026-08-01T14:08:52.014429Z,True,False,50
True,True,True,True,True,True,True,131,143389,True,True,1,5735560,0xed6ab4d3f67efb1a1d596f5c3e187527ccb1660bac7e72b5614c07428d980f35,True,"{""batch_anchors"": 1, ""memberships"": 1000, ""meter_values"": 10062, ""receipts"": 1000, ""sessions"": 1000, ""verifications"": 1}","{""batch_anchors"": 0, ""memberships"": 0, ""meter_values"": 0, ""receipts"": 0, ""sessions"": 0, ""verifications"": 0}",8825625166,2026-08-01T14:09:01.530458Z,53,,"[3.57763671875, 3.42236328125, 3.30419921875]",10062,6545,7.500680783,7500680783,133.32123162292962,3,reviewer3_performance_final_n1000_r03_seed44,44,"{""bidirectional"": 333, ""charge_only"": 334, ""discharge_only"": 333}",2026-08-01T14:08:52.672598Z,True,False,1000
True,True,True,True,True,True,True,132,143389,True,True,1,5162004,0xd0df907ecd713dc488ced3155bba1e69fbb454625861998f4049cf1f3507f3d2,True,"{""batch_anchors"": 1, ""memberships"": 1000, ""meter_values"": 10070, ""receipts"": 1000, ""sessions"": 1000, ""verifications"": 1}","{""batch_anchors"": 0, ""memberships"": 0, ""meter_values"": 0, ""receipts"": 0, ""sessions"": 0, ""verifications"": 0}",9480807416,2026-08-01T14:09:11.097146Z,54,,"[3.888671875, 3.49072265625, 3.32958984375]",10070,6545,8.152911596,8152911596,122.65556767359313,6,reviewer3_performance_final_n1000_r06_seed47,47,"{""bidirectional"": 333, ""charge_only"": 334, ""discharge_only"": 333}",2026-08-01T14:09:01.577527Z,True,False,1000
True,True,True,True,True,True,True,133,143389,True,True,1,4588448,0x1841d28458399650b30172f504dc510e66dcd19414b214675e56127ac486cbd6,True,"{""batch_anchors"": 1, ""memberships"": 500, ""meter_values"": 5057, ""receipts"": 500, ""sessions"": 500, ""verifications"": 1}","{""batch_anchors"": 0, ""memberships"": 0, ""meter_values"": 0, ""receipts"": 0, ""sessions"": 0, ""verifications"": 0}",4440286458,2026-08-01T14:09:15.620840Z,55,,"[3.888671875, 3.49072265625, 3.32958984375]",5057,6545,7.4587574299999995,3729378715,134.07058875220721,6,reviewer3_performance_final_n0500_r06_seed47,47,"{""bidirectional"": 166, ""charge_only"": 167, ""discharge_only"": 167}",2026-08-01T14:09:11.159636Z,True,False,500
