ci95_high,ci95_high_for_run_mean,ci95_low,ci95_low_for_run_mean,maximum,mean,median,minimum,n,n_observations,n_runs,p50,p95,p99,sample_sd,stage,workload_size
6.0308138405887135,6.0308138405887135,5.285210959411286,5.285210959411286,6.491833,5.6580124,5.649167,4.925375,10,10,10,5.649167,6.36611425,6.46668925,0.5211405164417324,batch_anchor_persistence,10
8.882883460338373,8.882883460338373,7.933266539661628,7.933266539661628,9.500375,8.408075,8.23825,7.562167,10,10,10,8.23825,9.4610189,9.49250378,0.6637365076725352,batch_anchor_total,10
0.0005189706227463061,0.0005189706227463061,0.0004144293772536939,0.0004144293772536939,0.000625,0.0004667,0.00045850000000000003,0.000375,10,10,10,0.00045850000000000003,0.0005876499999999999,0.00061753,7.306929739789635e-05,batch_context_and_leaf_construction,10
1.7006603216935767,1.7006603216935767,1.3729234783064235,1.3729234783064235,2.0435,1.5367919,1.480146,1.264125,10,10,10,1.480146,1.8836001499999995,2.01152003,0.2290722744392404,batch_eligibility_query,10
0.8705162382464904,0.8705162382464904,0.7193089617535096,0.7193089617535096,0.97075,0.7949126,0.7727085,0.648875,10,10,10,0.7727085,0.9426060999999999,0.96512122,0.10568660630289074,batch_membership_load,10
0.2536538712770019,0.2536538712770019,0.2177295287229981,0.2177295287229981,0.27925,0.2356917,0.2307295,0.199542,10,10,10,0.2307295,0.27139389999999997,0.27767878,0.025109385846066944,batch_merkle_construction,10
0.26141611793751707,0.26141611793751707,0.22690008206248294,0.22690008206248294,0.285791,0.24415810000000002,0.241,0.217166,10,10,10,0.241,0.2820227,0.28503734000000003,0.024125047281243255,batch_merkle_recomputation,10
3.733242833892521,3.733242833892521,3.150107166107479,3.150107166107479,4.147542,3.441675,3.3404375,2.879167,10,10,10,3.3404375,4.13306685,4.144646969999999,0.4075837563626238,batch_snapshot_audit,10
0.05026690289974531,0.05026690289974531,0.0444996971002547,0.0444996971002547,0.0525,0.0473833,0.047396,0.0385,10,10,10,0.047396,0.0520311,0.052406219999999996,0.004030999188235537,batch_verification_persistence,10
7.2034642279599215,7.2034642279599215,6.1646603720400766,6.1646603720400766,7.85575,6.684062299999999,6.5611665,5.555333,10,10,10,6.5611665,7.76845,7.83829,0.7260738814485677,batch_verification_total,10
2.5071986379234352,2.5071986379234352,1.064218162076565,1.064218162076565,4.543042,1.7857084,1.4128335,1.204667,10,10,10,1.4128335,3.5007294999999976,4.3345795,1.0085738794499444,chain_anchor_database_update,10
64.69207659169876,64.69207659169876,50.60091560830124,50.60091560830124,79.165792,57.6464961,53.440479499999995,51.918875,10,10,10,53.440479499999995,76.36647339999999,78.60592828,9.84904309993388,chain_publication_total,10
28.907484811435886,28.907484811435886,25.58719038856411,25.58719038856411,33.530375,27.247337599999998,26.4297085,25.780375,10,10,10,26.4297085,31.157581249999993,33.05581625,2.3207259440058934,chain_read_verification,10
30.41467129864419,30.41467129864419,19.945312101355807,19.945312101355807,41.306375,25.1799917,21.889771,21.484334,10,10,10,21.889771,39.1328372,40.87166744,7.317578025279283,chain_receipt_query,10
29.770655495964697,29.770655495964697,28.349027904035303,28.349027904035303,30.469709,29.0598417,29.1262705,27.831542,10,10,10,29.1262705,30.45519605,30.46680641,0.9936492416391265,chain_send_command,10
5.580049235362311,5.580049235362311,4.903517564637689,4.903517564637689,6.221584,5.2417834,5.1984165,4.383791,10,10,10,5.1984165,5.958239949999999,6.16891519,0.47286306581038867,count_reconciliation,10
76.01728947689502,76.01728947689502,68.24761092310497,68.24761092310497,78.25337400000001,72.1324502,73.5298965,61.425167,10,100,10,7.144083,9.36489405,10.35274759000002,5.430631233229967,database_persistence,10
25.206197464272666,25.206197464272666,21.24981053572733,21.24981053572733,30.048333,23.228004,22.8053545,20.801665999999997,10,20,10,12.100708,15.028133,16.144192999999998,2.7653239804136276,dataset_export,10
0.2268448529849187,0.2268448529849187,0.18516354701508136,0.18516354701508136,0.24687500000000004,0.20600420000000003,0.2043545,0.15783499999999998,10,100,10,0.0184165,0.03211635,0.03869774000000006,0.029133226101251936,meter_leaf_encoding,10
0.23093198068034695,0.23093198068034695,0.19844201931965302,0.19844201931965302,0.253249,0.214687,0.20972849999999998,0.180041,10,100,10,0.0209375,0.030432699999999997,0.03318633000000012,0.022708918742301323,meter_merkle_construction,10
0.24390581307719456,0.24390581307719456,0.2173701869228054,0.2173701869228054,0.267417,0.23063799999999998,0.22687449999999998,0.208041,10,100,10,0.0219795,0.0333104,0.03996425000000001,0.018547125108161044,meter_normalization,10
1.7827120827625373,1.7827120827625373,1.6608031172374629,1.6608031172374629,1.8751239999999998,1.7217576,1.7222709999999999,1.613001,10,100,10,0.170479,0.1997774,0.23072250000000005,0.08520849752121097,receipt_canonical_hashing,10
1.5657004519345779,1.5657004519345779,1.4233745480654223,1.4233745480654223,1.668165,1.4945375,1.4989155,1.324336,10,100,10,0.1449375,0.19849819999999999,0.22193450000000026,0.09947895443788882,receipt_construction_total,10
0.4270924803370481,0.4270924803370481,0.3732499196629518,0.3732499196629518,0.4633759999999999,0.40017119999999995,0.38581299999999996,0.359,10,100,10,0.0388125,0.05164165,0.07749108000000027,0.03763335762857201,receipt_energy_pricing_assembly,10
81.7114925673234,81.7114925673234,73.6178254326766,73.6178254326766,84.203293,77.664659,79.1683955,66.489042,10,100,10,7.7044375,9.973247299999999,11.03234334000002,5.6570836526228305,receipt_pipeline_total,10
0.1548612708318682,0.1548612708318682,0.14154772916813183,0.14154772916813183,0.161083,0.14820450000000002,0.14768799999999999,0.132875,10,100,10,0.014458499999999999,0.018951449999999998,0.02141866,0.009305524634442822,receipt_schema_validation,10
1.896624527528965,1.896624527528965,1.753258672471035,1.753258672471035,1.964331,1.8249416,1.8299590000000001,1.6451669999999998,10,100,10,0.1805,0.2116583,0.23017958000000016,0.10020583024976376,receipt_validation,10
0.5974782123665756,0.5974782123665756,0.5029801876334243,0.5029801876334243,0.682333,0.5502292,0.5462295,0.453834,10,10,10,0.5462295,0.6552767499999999,0.67692175,0.06604956962396583,synthetic_session_generation,10
9.787241301347459,9.787241301347459,8.101767098652543,8.101767098652543,11.877334,8.9445042,8.4353125,8.181458,10,10,10,8.4353125,11.119965099999998,11.72586022,1.1780653195097084,batch_anchor_persistence,50
13.344663453310124,13.344663453310124,11.069769946689876,11.069769946689876,16.134084,12.2072167,11.608,11.166083,10,10,10,11.608,15.116915249999998,15.930650250000001,1.5900410350049359,batch_anchor_total,50
0.0005912569139986506,0.0005912569139986506,0.0004757430860013492,0.0004757430860013492,0.000667,0.0005334999999999999,0.000521,0.000416,10,10,10,0.000521,0.0006481,0.00066322,8.07386042870585e-05,batch_context_and_leaf_construction,50
1.776869460516547,1.776869460516547,1.4015133394834531,1.4015133394834531,2.197916,1.5891914,1.55725,1.271916,10,10,10,1.55725,1.9928100499999997,2.1568948100000003,0.2623558568548537,batch_eligibility_query,50
1.147205239880197,1.147205239880197,1.0364199601198028,1.0364199601198028,1.221292,1.0918126,1.0970209999999998,0.992292,10,10,10,1.0970209999999998,1.1933730999999999,1.21570822,0.07743357672827293,batch_membership_load,50
0.710708244295221,0.710708244295221,0.600041555704779,0.600041555704779,0.818667,0.6553749,0.631208,0.585542,10,10,10,0.631208,0.79777935,0.81448947,0.07735068721011973,batch_merkle_construction,50
0.7205134006433519,0.7205134006433519,0.6573619993566481,0.6573619993566481,0.77525,0.6889377,0.680729,0.627667,10,10,10,0.680729,0.7553753,0.77127506,0.04413978903702796,batch_merkle_recomputation,50
10.858896766183106,10.858896766183106,8.727128233816893,8.727128233816893,13.697,9.7930125,9.347146,8.569292,10,10,10,9.347146,12.362881399999996,13.43017628,1.4900035688397413,batch_snapshot_audit,50
0.05793994776647454,0.05793994776647454,0.04469405223352546,0.04469405223352546,0.070958,0.051317,0.047917,0.041834,10,10,10,0.047917,0.06570829999999998,0.06990806,0.009258243245886337,batch_verification_persistence,50
15.505022875490695,15.505022875490695,13.017260124509303,13.017260124509303,18.608916,14.261141499999999,13.849895499999999,13.024042,10,10,10,13.849895499999999,17.37207255,18.361547310000002,1.7388263880949673,batch_verification_total,50
1.4771715287855856,1.4771715287855856,1.2486116712144144,1.2486116712144144,1.505917,1.3628916,1.420979,0.947708,10,10,10,1.420979,1.48637935,1.50200947,0.15975233628978464,chain_anchor_database_update,50
56.40224434931938,56.40224434931938,51.91595545068062,51.91595545068062,60.809875,54.1590999,54.041146,49.039208,10,10,10,54.041146,58.49991249999999,60.3478825,3.135699945058357,chain_publication_total,50
26.615779588395924,26.615779588395924,26.054137411604074,26.054137411604074,27.114625,26.3349585,26.2656875,25.869542,10,10,10,26.2656875,26.9205814,27.07581628,0.3925608409754961,chain_read_verification,50
23.185258825901887,23.185258825901887,21.035574374098115,21.035574374098115,25.521167,22.1104166,21.618083499999997,20.425,10,10,10,21.618083499999997,24.642710299999997,25.345475659999998,1.5025259339538273,chain_receipt_query,50
30.976052432340047,30.976052432340047,28.55233056765995,28.55233056765995,32.698291,29.7641915,29.3559375,26.659333,10,10,10,29.3559375,32.165228649999996,32.591678529999996,1.6940648918575334,chain_send_command,50
9.74695697412776,9.74695697412776,8.954276425872239,8.954276425872239,10.314083,9.3506167,9.400354499999999,8.469208,10,10,10,9.400354499999999,10.157951899999999,10.28285678,0.5540455391465878,count_reconciliation,50
357.03263883812303,357.03263883812303,304.59384796187703,304.59384796187703,402.61104300000017,330.81324340000003,321.7184585,297.8275469999999,10,500,10,6.301625,8.724206899999999,10.507075509999998,36.6521901252199,database_persistence,50
49.72723979315473,49.72723979315473,47.28871840684527,47.28871840684527,51.320042,48.5079791,48.374708,46.088457,10,20,10,23.444,30.7535854,31.11588348,1.7044090449445417,dataset_export,50
1.0138318332126606,1.0138318332126606,0.8676157667873396,0.8676157667873396,1.1262050000000001,0.9407238000000001,0.9114180000000001,0.829332,10,500,10,0.016625,0.030419049999999996,0.037345919999999984,0.10219799077042128,meter_leaf_encoding,50
1.0970187813375012,1.0970187813375012,0.9300316186624987,0.9300316186624987,1.2339990000000003,1.0135252,0.9680235000000001,0.9121679999999999,10,500,10,0.019917,0.028794049999999998,0.03537749999999999,0.11671598701196757,meter_merkle_construction,50
1.1395017220540025,1.1395017220540025,1.0117066779459978,1.0117066779459978,1.2405860000000002,1.0756042000000001,1.0478350000000005,0.9919990000000001,10,500,10,0.020375,0.0322583,0.03842407999999999,0.08932258306186876,meter_normalization,50
9.074228483997704,9.074228483997704,7.678430116002296,7.678430116002296,10.336958000000003,8.3763293,7.9469555,7.687006000000001,10,500,10,0.1598745,0.2156899,0.2380125,0.9755958576728665,receipt_canonical_hashing,50
7.596018538220301,7.596018538220301,6.4922906617797,6.4922906617797,8.491124000000001,7.044154600000001,6.756083,6.462999999999999,10,500,10,0.1380835,0.18771934999999998,0.23153207999999997,0.7714526459863751,receipt_construction_total,50
2.0399651191427863,2.0399651191427863,1.7322602808572134,1.7322602808572134,2.3248689999999996,1.8861127,1.8114790000000003,1.6954209999999998,10,500,10,0.0365,0.05175624999999999,0.06392308999999999,0.21507086732622696,receipt_energy_pricing_assembly,50
385.94672461079307,385.94672461079307,329.22907758920695,329.22907758920695,435.62066599999997,357.5879011,347.39198,322.61625000000004,10,500,10,6.8254375,9.4203143,11.328576329999997,39.642904562697744,receipt_pipeline_total,50
0.7565085500393807,0.7565085500393807,0.6335616499606196,0.6335616499606196,0.86492,0.6950351000000001,0.6563985000000001,0.6360830000000001,10,500,10,0.0134795,0.018798199999999994,0.020851759999999983,0.08593396380225152,receipt_schema_validation,50
9.754096256986097,9.754096256986097,8.226346943013903,8.226346943013903,11.232833999999997,8.9902216,8.4997315,8.301668999999999,10,500,10,0.17393799999999998,0.23399759999999997,0.2753399999999999,1.0678232160526073,receipt_validation,50
2.2572711233935103,2.2572711233935103,1.9745790766064897,1.9745790766064897,2.519209,2.1159251,2.074125,1.859791,10,10,10,2.074125,2.4269401,2.5007552200000003,0.19758813032470118,synthetic_session_generation,50
13.562697965652841,13.562697965652841,12.37326863434716,12.37326863434716,14.5245,12.9679833,12.7304795,12.008708,10,10,10,12.7304795,14.476125,14.514825,0.8313538367887312,batch_anchor_persistence,100
18.203264410190606,18.203264410190606,16.09499398980939,16.09499398980939,20.515583,17.149129199999997,16.667188,15.354125,10,10,10,16.667188,19.747545499999998,20.3619755,1.4735795198930315,batch_anchor_total,100
0.0008733761457262472,0.0008733761457262472,0.0006764238542737529,0.0006764238542737529,0.001041,0.0007749,0.00075,0.000625,10,10,10,0.00075,0.00100365,0.00103353,0.00013766016933820118,batch_context_and_leaf_construction,100
2.1031782925021103,2.1031782925021103,1.5821469074978893,1.5821469074978893,2.755208,1.8426626,1.7130835,1.421333,10,10,10,1.7130835,2.4402831499999995,2.69222303,0.3641758527470547,batch_eligibility_query,100
2.1521895290998905,2.1521895290998905,1.2966770709001096,1.2966770709001096,3.32925,1.7244333,1.5882705000000001,1.281458,10,10,10,1.5882705000000001,2.6442185999999985,3.1922437200000005,0.5979620191173517,batch_membership_load,100
1.2398196868759328,1.2398196868759328,1.0837975131240674,1.0837975131240674,1.421833,1.1618086,1.1198965,1.050834,10,10,10,1.1198965,1.3463643999999997,1.40673928,0.10905198767071292,batch_merkle_construction,100
1.239927900536682,1.239927900536682,1.1458630994633183,1.1458630994633183,1.299666,1.1928955,1.1958535000000001,1.105666,10,10,10,1.1958535000000001,1.287966,1.297326,0.06574676714358917,batch_merkle_recomputation,100
19.368493171561013,19.368493171561013,17.42104862843899,17.42104862843899,21.722792,18.3947709,18.2305835,16.781333,10,10,10,18.2305835,20.502373099999996,21.478708219999998,1.3611699747479042,batch_snapshot_audit,100
0.06726056573325716,0.06726056573325716,0.05708063426674284,0.05708063426674284,0.075416,0.0621706,0.060625,0.053416,10,10,10,0.060625,0.07395394999999999,0.07512358999999999,0.0071152819761412115,batch_verification_persistence,100
25.66848273135921,25.66848273135921,23.550534268640785,23.550534268640785,28.020625,24.609508499999997,24.3061255,22.954625,10,10,10,24.3061255,26.919118599999997,27.800323719999998,1.4803440055315407,batch_verification_total,100
1.5669214559509534,1.5669214559509534,1.2730205440490463,1.2730205440490463,1.717958,1.4199709999999999,1.424188,0.961,10,10,10,1.424188,1.69302035,1.7129704700000001,0.20542258738242225,chain_anchor_database_update,100
54.37440890528587,54.37440890528587,51.38643289471414,51.38643289471414,57.356125,52.880420900000004,52.535604,50.234834,10,10,10,52.535604,56.113,57.1075,2.088451373478947,chain_publication_total,100
26.830252059327226,26.830252059327226,26.153381140672774,26.153381140672774,27.431,26.4918166,26.536896,25.704542,10,10,10,26.536896,27.12042485,27.36888497,0.47310018378004376,chain_read_verification,100
22.61610253529794,22.61610253529794,21.57130566470206,21.57130566470206,23.590875,22.0937041,22.0053545,21.045959,10,10,10,22.0053545,23.2302,23.51874,0.730262710169802,chain_receipt_query,100
29.58997486063698,29.58997486063698,27.538333339363028,27.538333339363028,31.2975,28.564154100000003,28.000750500000002,27.151916,10,10,10,28.000750500000002,30.9020814,31.21841628,1.4339986458496201,chain_send_command,100
14.69248283319237,14.69248283319237,13.83484236680763,13.83484236680763,15.577959,14.2636626,14.1238965,13.61225,10,10,10,14.1238965,15.228120899999999,15.50799138,0.5994493943843987,count_reconciliation,100
721.0820758600073,721.0820758600073,635.8122221399926,635.8122221399926,775.1019599999998,678.447149,662.2133779999999,615.0834169999997,10,1000,10,6.4843545,8.959362499999997,10.60874625,59.5995223816535,database_persistence,100
79.06346260651067,79.06346260651067,75.92428779348934,75.92428779348934,81.334833,77.4938752,77.5229375,73.287418,10,20,10,38.522563000000005,47.9763205,50.480330499999994,2.1941320568335003,dataset_export,100
2.1024066534748687,2.1024066534748687,1.789018546525131,1.789018546525131,2.2645080000000006,1.9457125999999998,1.8271885,1.7400410000000004,10,1000,10,0.017313,0.03400415,0.04068365999999999,0.21904319849807397,meter_leaf_encoding,100
2.2746623746120336,2.2746623746120336,1.9503972253879662,1.9503972253879662,2.4882509999999995,2.1125298,2.040978,1.8571659999999997,10,1000,10,0.020208,0.031546149999999995,0.03968907999999998,0.2266457273660567,meter_merkle_construction,100
2.3678985494728853,2.3678985494728853,2.0637006505271147,2.0637006505271147,2.5226230000000007,2.2157996,2.120273,1.9954120000000002,10,1000,10,0.021083499999999998,0.03488959999999999,0.04141783,0.21261968557141855,meter_normalization,100
18.717867226162383,18.717867226162383,16.020891373837614,16.020891373837614,20.14600099999999,17.3693793,16.691081500000003,15.565753000000004,10,1000,10,0.163667,0.23450415,0.27252875,1.8850562732427911,receipt_canonical_hashing,100
15.709720537706787,15.709720537706787,13.537883462293216,13.537883462293216,17.045084,14.623802000000001,14.1147925,12.97187,10,1000,10,0.13966650000000003,0.2084893,0.2530895799999999,1.5180095513056258,receipt_construction_total,100
4.204789300369699,4.204789300369699,3.627551499630301,3.627551499630301,4.607668999999999,3.9161704,3.8078484999999995,3.4346320000000006,10,1000,10,0.0372295,0.0548423,0.07334341999999999,0.4034614312540913,receipt_energy_pricing_assembly,100
780.9653033861384,780.9653033861384,687.3204054138616,687.3204054138616,838.9431210000002,734.1428544,715.820103,664.805504,10,1000,10,7.024354499999999,9.634764549999998,11.38141375,65.45327509241793,receipt_pipeline_total,100
1.574873417065698,1.574873417065698,1.3337611829343026,1.3337611829343026,1.784545000000001,1.4543173000000003,1.4050595000000006,1.284501,10,1000,10,0.01375,0.020334,0.028253329999999997,0.1685258431636263,receipt_schema_validation,100
20.196245255673126,20.196245255673126,17.294847344326875,17.294847344326875,21.020035000000018,18.7455463,18.395872999999995,16.654217,10,1000,10,0.176875,0.25358925,0.31175250000000004,2.0279374504752408,receipt_validation,100
4.271957272584077,4.271957272584077,3.7852257274159236,3.7852257274159236,4.7065,4.0285915,3.980854,3.625875,10,10,10,3.980854,4.56735595,4.67867119,0.34020191608816014,synthetic_session_generation,100
55.91398508722564,55.91398508722564,50.04709831277437,50.04709831277437,59.061334,52.9805417,51.464833,47.67425,10,10,10,51.464833,58.8327898,59.01562516,4.100671390532261,batch_anchor_persistence,500
67.36172881409587,67.36172881409587,60.425537785904126,60.425537785904126,71.734667,63.8936333,61.964625,57.833083,10,10,10,61.964625,71.00842279999999,71.58941816000001,4.848063581597366,batch_anchor_total,500
0.0014753563701223674,0.0014753563701223674,0.0010914436298776328,0.0010914436298776328,0.001875,0.0012834,0.001208,0.001042,10,10,10,0.001208,0.0017435999999999997,0.0018487199999999999,0.0002683365217201879,batch_context_and_leaf_construction,500
3.985076964815743,3.985076964815743,3.030922835184257,3.030922835184257,5.01725,3.5079999,3.3644375,2.79375,10,10,10,3.3644375,4.642156099999999,4.94223122,0.6669077982852318,batch_eligibility_query,500
4.630211171371706,4.630211171371706,4.301447028628293,4.301447028628293,4.969,4.4658291,4.4595835,4.189458,10,10,10,4.4595835,4.83362515,4.94192503,0.22979030722931826,batch_membership_load,500
6.624459532046454,6.624459532046454,4.920998667953547,4.920998667953547,8.625708,5.7727291,5.2810625,4.735,10,10,10,5.2810625,7.853564699999998,8.471279339999999,1.1906371298482215,batch_merkle_construction,500
5.775339095284301,5.775339095284301,5.387835304715698,5.387835304715698,6.145417,5.5815871999999995,5.5001455,5.235083,10,10,10,5.5001455,5.98982905,6.11429941,0.2708464930032836,batch_merkle_recomputation,500
89.74542098982042,89.74542098982042,75.62619541017958,75.62619541017958,109.955916,82.6858082,79.202166,76.595125,10,10,10,79.202166,98.36451629999998,107.63763606,9.868658901521014,batch_snapshot_audit,500
0.06286704918455195,0.06286704918455195,0.05442415081544804,0.05442415081544804,0.071666,0.0586456,0.059146,0.050708,10,10,10,0.059146,0.06682894999999998,0.07069858999999999,0.0059011794715595235,batch_verification_persistence,500
114.68494792514473,114.68494792514473,93.74602707485526,93.74602707485526,135.7765,104.2154875,98.072563,94.49875,10,10,10,98.072563,131.83633734999998,134.98846747,14.63529755735439,batch_verification_total,500
1.6128060700510891,1.6128060700510891,1.1553357299489109,1.1553357299489109,2.114334,1.3840709,1.3316035,0.984166,10,10,10,1.3316035,1.8996650999999996,2.07140022,0.3197497425454441,chain_anchor_database_update,500
52.9238127669018,52.9238127669018,50.886137233098204,50.886137233098204,53.570792,51.904975,52.250104,48.917292,10,10,10,52.250104,53.39744795,53.53612319,1.4242370930087433,chain_publication_total,500
29.03999475150411,29.03999475150411,25.64997204849589,25.64997204849589,31.825459,27.3449834,26.3625835,25.369708,10,10,10,26.3625835,31.29907105,31.72018141,2.3694626547110818,chain_read_verification,500
22.04427736852395,22.04427736852395,21.231806231476057,21.231806231476057,22.503709,21.638041800000003,21.659979,20.60425,10,10,10,21.659979,22.42223965,22.487415130000002,0.5678782078826019,chain_receipt_query,500
28.677630733049195,28.677630733049195,27.295143866950806,27.295143866950806,29.199625,27.9863873,28.0277495,26.406791,10,10,10,28.0277495,29.125600000000002,29.184820000000002,0.9662917587371556,chain_send_command,500
98.60233368727661,98.60233368727661,54.08824131272338,54.08824131272338,129.388709,76.3452875,59.3790415,49.165416,10,10,10,59.3790415,127.5819023,129.02734766,31.113207411935004,count_reconciliation,500
3412.693761339585,3412.693761339585,3175.2592282604146,3175.2592282604146,3622.0530869999975,3293.9764947999997,3293.8604195000016,3003.8312480000004,10,5000,10,6.161771,9.712333,12.39880184000002,165.9553071932605,database_persistence,500
352.1114639228789,352.1114639228789,310.51223587712116,310.51223587712116,377.079791,331.3118499,325.57908299999997,294.084917,10,20,10,183.94795800000003,247.54266185,247.88839876999998,29.075857584011516,dataset_export,500
11.021348238689928,11.021348238689928,9.800517161310072,9.800517161310072,11.493863,10.4109327,10.600265500000003,8.934628999999997,10,5000,10,0.016833,0.035875,0.07054574000000008,0.8533021454385386,meter_leaf_encoding,500
11.676708422478717,11.676708422478717,10.361536577521287,10.361536577521287,12.992325000000008,11.019122500000002,10.675777499999993,9.708712999999994,10,5000,10,0.0198335,0.03841605,0.05942116000000009,0.9192417998819946,meter_merkle_construction,500
12.277835766459313,12.277835766459313,11.056651433540678,11.056651433540678,13.042908999999991,11.667243599999995,11.489544999999996,10.239718999999996,10,5000,10,0.020333,0.04121105000000001,0.07379241,0.8535490540524439,meter_normalization,500
102.62992006974848,102.62992006974848,88.37769633025145,88.37769633025145,110.75715499999988,95.50380819999997,92.49631449999995,82.87749999999997,10,5000,10,0.158583,0.43805560000000004,0.57195883,9.961618211983708,receipt_canonical_hashing,500
84.02535198863255,84.02535198863255,73.26100621136744,73.26100621136744,89.13058199999998,78.6431791,75.43986499999995,68.43170300000006,10,5000,10,0.13525,0.3229461500000001,0.48721982000000025,7.523759442375855,receipt_construction_total,500
22.498087760922733,22.498087760922733,19.173883239077266,19.173883239077266,26.012043999999985,20.8359855,19.917123499999995,18.310887000000008,10,5000,10,0.036334,0.08700625000000002,0.11429324000000003,2.3234589149344242,receipt_energy_pricing_assembly,500
3735.5402055063505,3735.5402055063505,3462.292010893648,3462.292010893648,3970.8034099999986,3598.916108199999,3609.5201625000004,3268.777961,10,5000,10,6.6927705,10.695346150000002,13.839314080000003,190.9873323348231,receipt_pipeline_total,500
8.093203495415715,8.093203495415715,7.095669304584283,7.095669304584283,8.654710000000003,7.594436399999999,7.299981999999998,6.800789000000002,10,5000,10,0.013209,0.031752100000000005,0.041708010000000004,0.6972283725047326,receipt_schema_validation,500
110.7801716301801,110.7801716301801,95.94996896981989,95.94996896981989,120.874582,103.3650703,99.56774699999998,90.48675499999999,10,5000,10,0.1705,0.4758024,0.7088307400000008,10.365597650522664,receipt_validation,500
20.5182238390803,20.5182238390803,18.802325960919703,18.802325960919703,22.355333,19.6602749,19.3952915,18.142,10,10,10,19.3952915,21.55585175,22.195436750000002,1.1993300038939754,synthetic_session_generation,500
134.33571339375754,134.33571339375754,95.25809500624244,95.25809500624244,175.355459,114.7969042,103.369729,94.083667,10,10,10,103.369729,166.36284619999998,173.55693644,27.313373837320782,batch_anchor_persistence,1000
153.83415181982542,153.83415181982542,113.88372298017457,113.88372298017457,194.923291,133.8589374,121.63968700000001,112.418209,10,10,10,121.63968700000001,186.56879755,193.25239231,27.923426321377,batch_anchor_total,1000
0.00241211083917078,0.00241211083917078,0.00207128916082922,0.00207128916082922,0.002667,0.0022417,0.0022500000000000003,0.001916,10,10,10,0.0022500000000000003,0.0025733999999999996,0.0026482800000000003,0.00023821794409508473,batch_context_and_leaf_construction,1000
5.567816641740144,5.567816641740144,5.064758358259855,5.064758358259855,6.038333,5.3162875,5.2637915,4.969625,10,10,10,5.2637915,5.89768955,6.01020431,0.3516135201076603,batch_eligibility_query,1000
8.288437400281484,8.288437400281484,7.588853599718516,7.588853599718516,8.697333,7.9386455,7.8326875000000005,7.302583,10,10,10,7.8326875000000005,8.663695500000001,8.6906055,0.4889753947086706,batch_membership_load,1000
12.548207106136456,12.548207106136456,10.820667893863543,10.820667893863543,13.404083,11.6844375,11.4635005,9.824916,10,10,10,11.4635005,13.39639565,13.40254553,1.2074667359594218,batch_merkle_construction,1000
11.452846458024132,11.452846458024132,10.82056194197587,10.82056194197587,11.939,11.1367042,11.081312,10.526667,10,10,10,11.081312,11.8783625,11.9268725,0.4419364349976137,batch_merkle_recomputation,1000
170.2206131957634,170.2206131957634,146.54140340423658,146.54140340423658,200.582833,158.3810083,151.3004585,148.072125,10,10,10,151.3004585,188.49772704999998,198.16581181,16.55062759441226,batch_snapshot_audit,1000
0.06917153865879233,0.06917153865879233,0.06026986134120765,0.06026986134120765,0.075833,0.06472069999999999,0.0644585,0.056959,10,10,10,0.0644585,0.0749141,0.07564922,0.006221843868357852,batch_verification_persistence,1000
200.8738848786519,200.8738848786519,177.36958212134812,177.36958212134812,231.243959,189.1217335,182.10193750000002,178.124792,10,10,10,182.10193750000002,218.83903399999997,228.76297399999999,16.42837599849517,batch_verification_total,1000
1.4582423200266468,1.4582423200266468,1.2343496799733535,1.2343496799733535,1.543375,1.3462960000000002,1.361479,0.958334,10,10,10,1.361479,1.50441265,1.53558253,0.15649017595079606,chain_anchor_database_update,1000
54.631597460024516,54.631597460024516,51.4702357399755,51.4702357399755,56.442,53.05091660000001,52.4369585,50.071875,10,10,10,52.4369585,56.19811845,56.39322369,2.209639636643807,chain_publication_total,1000
27.25076799004396,27.25076799004396,26.057190209956033,26.057190209956033,28.515208,26.653979099999997,26.6156665,25.45375,10,10,10,26.6156665,27.88258315,28.388683030000003,0.8342534027579459,chain_read_verification,1000
22.140898738732826,22.140898738732826,21.30557666126717,21.30557666126717,22.681084,21.7232377,21.6608545,20.973,10,10,10,21.6608545,22.646058699999998,22.674078939999998,0.5838499150622813,chain_receipt_query,1000
30.486738000184452,30.486738000184452,27.64306179981555,27.64306179981555,33.259958,29.0648999,28.688042,26.518208,10,10,10,28.688042,32.21974564999999,33.051915529999995,1.9875927535487317,chain_send_command,1000
161.26345818421433,161.26345818421433,112.77984121578564,112.77984121578564,192.767666,137.02164969999998,119.981166,95.0575,10,10,10,119.981166,190.53180365,192.32049353,33.88771398789355,count_reconciliation,1000
7373.398458821371,7373.398458821371,6937.611984578633,6937.611984578633,7799.328353,7155.505221700002,7048.05222200001,6840.0896889999985,10,10000,10,6.528875,10.911997599999998,13.899398250000006,304.5937642925202,database_persistence,1000
685.757950701193,685.757950701193,644.9275076988071,644.9275076988071,719.979916,665.3427292,662.93048,626.83175,10,20,10,329.841208,433.53221045000004,453.67730929,28.538513852315088,dataset_export,1000
26.277727954261152,26.277727954261152,22.864979845738844,22.864979845738844,29.41786300000002,24.5713539,23.4924145,22.726829999999993,10,10000,10,0.0190415,0.05575414999999994,0.08075042000000002,2.3853466190370463,meter_leaf_encoding,1000
26.27510717594118,26.27510717594118,23.013794024058832,23.013794024058832,29.588224999999998,24.644450600000006,24.002362500000018,22.226067000000015,10,10000,10,0.02075,0.05075,0.068875,2.2795008752732184,meter_merkle_construction,1000
27.013491621829985,27.013491621829985,24.32511257816998,24.32511257816998,29.19443599999998,25.66930209999998,25.73785749999999,22.875830999999987,10,10000,10,0.021125,0.05596009999999997,0.08191866000000005,1.8790475178846697,meter_normalization,1000
235.14982239130345,235.14982239130345,208.0000318086966,208.0000318086966,247.82845099999992,221.57492710000002,221.12521650000002,196.33753300000032,10,10000,10,0.1630415,0.48980769999999973,1.0595508400000067,18.976396474167675,receipt_canonical_hashing,1000
189.67145732995945,189.67145732995945,171.2729068700406,171.2729068700406,204.02095800000012,180.47218210000003,181.95383950000007,161.00367999999997,10,10000,10,0.140542,0.39454104999999995,0.5825262500000006,12.859700962152937,receipt_construction_total,1000
50.54343404734447,50.54343404734447,44.65116615265547,44.65116615265547,54.6191819999999,47.59730009999997,47.930436,41.850249000000034,10,10000,10,0.037709,0.09845805,0.14462708000000005,4.118411571589059,receipt_energy_pricing_assembly,1000
8090.080436734299,8090.080436734299,7615.829074665695,7615.829074665695,8578.639659000006,7852.954755699997,7720.025830999997,7500.680782999999,10,10000,10,7.1347915,12.032950349999998,15.07554574,331.47886896753243,receipt_pipeline_total,1000
19.696418491792688,19.696418491792688,16.014062708207273,16.014062708207273,23.190887000000007,17.85524059999998,16.904193499999973,15.344879999999977,10,10000,10,0.013834,0.035336049999999966,0.04754142000000001,2.5737894034817175,receipt_schema_validation,1000
244.69886495611428,244.69886495611428,219.37193504388568,219.37193504388568,256.85074399999985,232.03539999999998,234.3063715,203.97847999999976,10,10000,10,0.1753545,0.5404892499999996,0.834503570000001,17.702304628301842,receipt_validation,1000
61.3571652340318,61.3571652340318,32.375676565968206,32.375676565968206,97.295708,46.8664209,38.2540215,36.33575,10,10,10,38.2540215,84.53233954999997,94.74303431000001,20.256665247690705,synthetic_session_generation,1000
