session_id,ts,energy_kwh,import_kwh,export_kwh
tamper_demo-0001,2026-05-23T23:22:59.070749Z,0.0,0.0,0.0
tamper_demo-0001,2026-05-23T23:27:59.070749Z,0.596,0.596,0.0
tamper_demo-0001,2026-05-23T23:32:59.070749Z,1.12,1.12,0.0
tamper_demo-0001,2026-05-23T23:37:59.070749Z,1.708,1.708,0.0
tamper_demo-0001,2026-05-23T23:42:59.070749Z,2.299,2.299,0.0
tamper_demo-0001,2026-05-23T23:47:59.070749Z,2.936,2.936,0.0
tamper_demo-0001,2026-05-23T23:52:59.070749Z,2.311,2.936,0.624
tamper_demo-0001,2026-05-23T23:57:59.070749Z,2.85,3.474,0.624
tamper_demo-0001,2026-05-24T00:02:59.070749Z,3.404,4.028,0.624
